prompt,url,classification,title,retrievals,citation_rate
Are there any accelerated MBA programs in Canada for working professionals? Ideally online and at my own pace. List them and compare them.,https://ufred.ca/programs/business/accelerated-mba,PRODUCT_PAGE,Accelerated MBA | UFred,17,1.705882353
Are there any accelerated MBA programs in Canada for working professionals? Ideally online and at my own pace. List them and compare them.,https://coursecompare.ca/best-online-mba-canada,LISTICLE,Best Online MBA Programs in Canada of 2026 | CourseCompare.ca,17,0.941176471
Are there any accelerated MBA programs in Canada for working professionals? Ideally online and at my own pace. List them and compare them.,https://ivey.uwo.ca/amba,PRODUCT_PAGE,Ivey Accelerated MBA for Business &amp; Non-Business Graduates | Online MBA | Toronto,15,0.466666667
Are there any accelerated MBA programs in Canada for working professionals? Ideally online and at my own pace. List them and compare them.,https://smith.queensu.ca/mba_programs/amba/index.php,PRODUCT_PAGE,Accelerated MBA | Smith School of Business,11,0.545454545
Are there any accelerated MBA programs in Canada for working professionals? Ideally online and at my own pace. List them and compare them.,https://tutorlyft.com/blogs/best-online-mba-programs-canada,LISTICLE,The Best Online MBA Programs in Canada (2026),10,0.3
Are there any accelerated MBA programs in Canada for working professionals? Ideally online and at my own pace. List them and compare them.,https://ibu.ca/online-mba,PRODUCT_PAGE,Career-Focused Online MBA Programs in Canada | IBU,9,0.666666667
Are there any accelerated MBA programs in Canada for working professionals? Ideally online and at my own pace. List them and compare them.,https://online.unb.ca/master-of-business-administration,PRODUCT_PAGE,Online MBA | UNB Online,9,0.666666667
Are there any accelerated MBA programs in Canada for working professionals? Ideally online and at my own pace. List them and compare them.,https://athabascau.ca/programs/summary/master-of-business-administration.html,PRODUCT_PAGE,Master of Business Administration (MBA) | Online degree | Athabasca University,9,0.777777778
Are there any accelerated MBA programs in Canada for working professionals? Ideally online and at my own pace. List them and compare them.,https://coursecompare.ca/part-time-mba,LISTICLE,Best Flexible Part-time MBAs of 2026 | CourseCompare.ca,9,0
Are there any accelerated MBA programs in Canada for working professionals? Ideally online and at my own pace. List them and compare them.,https://smith.queensu.ca/mba_programs/gomba/landing.php,PRODUCT_PAGE,Smith School of Business | Queen's University,8,0
Are there any accelerated MBA programs in Canada for working professionals? Ideally online and at my own pace. List them and compare them.,https://schulich.yorku.ca/accelerated-mba,PRODUCT_PAGE,The Accelerated MBA | Schulich School of Business,7,0.428571429
Are there any accelerated MBA programs in Canada for working professionals? Ideally online and at my own pace. List them and compare them.,https://smith.queensu.ca/mba_programs/gomba/index.php,PRODUCT_PAGE,Global Online MBA | Smith School of Business,7,1.428571429
Are there any accelerated MBA programs in Canada for working professionals? Ideally online and at my own pace. List them and compare them.,https://aib.edu.au/ca/programs/mba,PRODUCT_PAGE,Master of Business Administration,7,0
Are there any accelerated MBA programs in Canada for working professionals? Ideally online and at my own pace. List them and compare them.,https://topmba.com/ivey-business-school/accelerated-mba-amba,PRODUCT_PAGE,Accelerated MBA (AMBA) 14 months MBA Programme By Ivey Business School \|TopMBA,7,1.142857143
Are there any accelerated MBA programs in Canada for working professionals? Ideally online and at my own pace. List them and compare them.,https://onlinessb.carleton.ca/business-degrees/mba/general,PRODUCT_PAGE,Online Master of Business Administration (MBA) at Carleton University,6,1
Are there any accelerated MBA programs in Canada for working professionals? Ideally online and at my own pace. List them and compare them.,https://smith.queensu.ca/mba_programs,CATEGORY_PAGE,Our MBA Suite | Smith School of Business,6,0.5
Are there any accelerated MBA programs in Canada for working professionals? Ideally online and at my own pace. List them and compare them.,https://studyhq.com/top-online-mba-colleges-in-canada,LISTICLE,Top Online MBA Colleges in Canada 2026,6,0.333333333
Are there any accelerated MBA programs in Canada for working professionals? Ideally online and at my own pace. List them and compare them.,https://ufred.ca/online-degrees/online-mba,PRODUCT_PAGE,Online MBA Canada | UFred,6,0
Are there any accelerated MBA programs in Canada for working professionals? Ideally online and at my own pace. List them and compare them.,https://educations.com/mba/canada/distance-learning,CATEGORY_PAGE,9 Online MBA Degree Programs in Canada - Study Abroad | educations.com,6,0.333333333
Are there any accelerated MBA programs in Canada for working professionals? Ideally online and at my own pace. List them and compare them.,https://ivey.uwo.ca/choose-your-accelerated-mba,COMPARISON,Choose Your Accelerated MBA,6,0.833333333
Are there any accelerated MBA programs in Canada for working professionals? Ideally online and at my own pace. List them and compare them.,https://onlinemastersdegrees.org/best-programs/mba-programs/accelerated,LISTICLE,Today's Top Accelerated MBA Program Online,6,0.166666667
Are there any accelerated MBA programs in Canada for working professionals? Ideally online and at my own pace. List them and compare them.,https://uwindsor.ca/business/320/mba-managers-professionals,CATEGORY_PAGE,MBA - Managers & Professionals,6,1.166666667
Are there any accelerated MBA programs in Canada for working professionals? Ideally online and at my own pace. List them and compare them.,https://yorkvilleu.ca/blog/mba/canadas-best-online-mbas,COMPARISON,Canada’s Top Online MBAs: Which Is the Best Choice in 2026? - Yorkville,6,0
Are there any accelerated MBA programs in Canada for working professionals? Ideally online and at my own pace. List them and compare them.,https://bus-wpprod.business.mcmaster.ca/mba-recruit/programs/accelerated-program,PRODUCT_PAGE,Welcome! \| DeGroote Root,5,0.4
Are there any accelerated MBA programs in Canada for working professionals? Ideally online and at my own pace. List them and compare them.,https://ibu.ca/online-mba/healthcare-management,PRODUCT_PAGE,Online MBA in Healthcare Management | IBU,4,0
Are there any accelerated MBA programs in Canada for working professionals? Ideally online and at my own pace. List them and compare them.,https://mbarecruit.degroote.mcmaster.ca/program/mba-programs/accelerated-mba,PRODUCT_PAGE,Accelerated DeGroote MBA | MBA at DeGroote School of Business,4,1
Are there any accelerated MBA programs in Canada for working professionals? Ideally online and at my own pace. List them and compare them.,https://ufred.ca/mba,HOMEPAGE,Online MBA Canada | UFred,4,0
Are there any accelerated MBA programs in Canada for working professionals? Ideally online and at my own pace. List them and compare them.,https://future.uwindsor.ca/program/business-administration-managers-professionals-mba,PRODUCT_PAGE,"Master of Business Administration - Managers & Professionals, MBA - University of Windsor",4,0
Are there any accelerated MBA programs in Canada for working professionals? Ideally online and at my own pace. List them and compare them.,https://ace.edu/blog/how-long-does-it-take-to-get-an-mba-degree,COMPARISON,How Long Does It Take to Get an MBA Degree?,3,0
Are there any accelerated MBA programs in Canada for working professionals? Ideally online and at my own pace. List them and compare them.,https://ibu.ca/online-mba-technology,PRODUCT_PAGE,"Online MBA in Technology, Innovation & Entrepreneurship",3,0
"Are there any affordable MBA programs in BC? Anything under $30,000. Then compare their benefits and negatives and suggest the best one.",https://coursecompare.ca/affordable-mba-in-canada,LISTICLE,Best Affordable MBA Programs in Canada of 2026 | CourseCompare.ca,10,0.1
"Are there any affordable MBA programs in BC? Anything under $30,000. Then compare their benefits and negatives and suggest the best one.",https://viu.ca/programs/business-management/master-business-administration-mba,PRODUCT_PAGE,Master of Business Administration (MBA) | Vancouver Island University | Canada,10,1.8
"Are there any affordable MBA programs in BC? Anything under $30,000. Then compare their benefits and negatives and suggest the best one.",https://campuscybercafe.com/blog/post/cheapest-accredited-online-mba-programs-in-canada,LISTICLE,Cheapest Accredited Online MBA Programs in Canada (Full List) - Campus Cybercafe,8,0.5
"Are there any affordable MBA programs in BC? Anything under $30,000. Then compare their benefits and negatives and suggest the best one.",https://canadian-universities.net/MBA/MBA_Tuition_Canada.html,CATEGORY_PAGE,Canadian MBA Tuition Fees,8,2.25
"Are there any affordable MBA programs in BC? Anything under $30,000. Then compare their benefits and negatives and suggest the best one.",https://unbc.ca/commerce/mba/tuition-fees,PRODUCT_PAGE,MBA Program Tuition and Fees | UNBC,8,0.25
"Are there any affordable MBA programs in BC? Anything under $30,000. Then compare their benefits and negatives and suggest the best one.",https://sfu.ca/beedie/programs/graduate/full-time-mba/cost-financing.html,PRODUCT_PAGE,Cost & Financing,7,0.285714286
"Are there any affordable MBA programs in BC? Anything under $30,000. Then compare their benefits and negatives and suggest the best one.",https://studyabroad.careers360.com/articles/affordable-mba-colleges-in-canada,LISTICLE,Affordable MBA Colleges in Canada for Indian students 2025,6,0.166666667
"Are there any affordable MBA programs in BC? Anything under $30,000. Then compare their benefits and negatives and suggest the best one.",https://find-mba.com/board/americas/budget-mba-in-canada-40978,DISCUSSION,Budget MBA in Canada | FIND MBA,5,0
"Are there any affordable MBA programs in BC? Anything under $30,000. Then compare their benefits and negatives and suggest the best one.",https://galvanizetestprep.com/blogs/affordable-business-schools-in-canada,LISTICLE,Cheap & Affordable Business Schools in Canada (2024),5,0
"Are there any affordable MBA programs in BC? Anything under $30,000. Then compare their benefits and negatives and suggest the best one.",https://studyhq.com/cheapest-mba-in-canada,LISTICLE,Top 5 Affordable MBA Colleges In Canada 2025: Low Cost MBA,5,0
"Are there any affordable MBA programs in BC? Anything under $30,000. Then compare their benefits and negatives and suggest the best one.",https://accio.com/business/low-cost-mba-in-canada,OTHER,Low Cost MBA in Canada: Affordable &amp; Accredited Options,5,0
"Are there any affordable MBA programs in BC? Anything under $30,000. Then compare their benefits and negatives and suggest the best one.",https://aeccglobal.in/blog/low-cost-mba-in-canada?highlight=WyJjb2xvciJd,LISTICLE,Affordable MBA in Canada: Low-Cost Universities 2026 | AECC,5,0
"Are there any affordable MBA programs in BC? Anything under $30,000. Then compare their benefits and negatives and suggest the best one.",https://grad.ubc.ca/node/6037,PRODUCT_PAGE,Master of Business Administration (MBA),5,0
"Are there any affordable MBA programs in BC? Anything under $30,000. Then compare their benefits and negatives and suggest the best one.",https://grad.ubc.ca/prospective-students/graduate-degree-programs/master-of-business-administration,PRODUCT_PAGE,Master of Business Administration (MBA),5,0.6
"Are there any affordable MBA programs in BC? Anything under $30,000. Then compare their benefits and negatives and suggest the best one.",https://grad.ubc.ca/prospective-students/graduate-degree-programs/professional-master-of-business-administration,PRODUCT_PAGE,Professional Master of Business Administration (PMBA),5,0
"Are there any affordable MBA programs in BC? Anything under $30,000. Then compare their benefits and negatives and suggest the best one.",https://leverageedu.com/blog/low-cost-mba-in-canada,LISTICLE,Cheapest MBA in Canada for International Students,4,0
"Are there any affordable MBA programs in BC? Anything under $30,000. Then compare their benefits and negatives and suggest the best one.",https://vancouver.mba/sfu-beedie-mba-program-in-vancouver,PROFILE,SFU Beedie MBA program in Vancouver - Vancouver MBA,4,0
"Are there any affordable MBA programs in BC? Anything under $30,000. Then compare their benefits and negatives and suggest the best one.",https://accessmba.com/program/sauder-school-of-business/3916,PRODUCT_PAGE,Professional Part-time MBA — UBC Sauder School Of Business,4,0
"Are there any affordable MBA programs in BC? Anything under $30,000. Then compare their benefits and negatives and suggest the best one.",https://applyboard.com/schools/university-of-northern-british-columbia/programs/master-of-business-administration-mba-vancouver-campus,PRODUCT_PAGE,MBA in Business Administration in Canada,4,0
"Are there any affordable MBA programs in BC? Anything under $30,000. Then compare their benefits and negatives and suggest the best one.",https://coursecompare.ca/best-online-mba-canada,LISTICLE,Best Online MBA Programs in Canada of 2026 | CourseCompare.ca,4,0.75
"Are there any affordable MBA programs in BC? Anything under $30,000. Then compare their benefits and negatives and suggest the best one.",https://mapleleafschools.com/schools/best-mba-programs-canada,PROFILE,Maple Leaf Schools | World-Class Canadian Education,4,0
"Are there any affordable MBA programs in BC? Anything under $30,000. Then compare their benefits and negatives and suggest the best one.",https://shiksha.com/studyabroad/most-affordable-mba-colleges-in-canada-articlepage-106,CATEGORY_PAGE,Most Affordable MBA Colleges in Canada: Fees & Course,4,0
"Are there any affordable MBA programs in BC? Anything under $30,000. Then compare their benefits and negatives and suggest the best one.",https://tru.ca/current/enrolment-services/tuition/graduate-tuition-calculation.html,OTHER,Graduate Tuition Calculation: Enrolment Services: Thompson Rivers University,4,0.25
"Are there any affordable MBA programs in BC? Anything under $30,000. Then compare their benefits and negatives and suggest the best one.",https://unbc.ca/finance/accounts-receivable/tuition-and-fees,CATEGORY_PAGE,Tuition and fees,4,0.5
"Are there any affordable MBA programs in BC? Anything under $30,000. Then compare their benefits and negatives and suggest the best one.",https://unlimitmobile.com/ng/blogs/best-MBA-colleges-in-canada-2026-ranking-fees,LISTICLE,Unlimitmobile Blog | Unlimit Mobile,4,0
"Are there any affordable MBA programs in BC? Anything under $30,000. Then compare their benefits and negatives and suggest the best one.",https://org-www.sauder.ubc.ca/ubc-mba/application-process/mba-fees-and-expenses,PRODUCT_PAGE,MBA fees and expenses | UBC Sauder School of Business,3,0.666666667
"Are there any affordable MBA programs in BC? Anything under $30,000. Then compare their benefits and negatives and suggest the best one.",https://vancouver.mba/thompson-rivers-university-tru-mba-program,PROFILE,Thompson Rivers University (TRU) MBA Program - Vancouver MBA,3,3.666666667
"Are there any affordable MBA programs in BC? Anything under $30,000. Then compare their benefits and negatives and suggest the best one.",https://international-student-office.org/wp-content/uploads/2022/10/02_VIU_Graduate_Viewbook_2023_2024.pdf,OTHER,null,3,0
"Are there any affordable MBA programs in BC? Anything under $30,000. Then compare their benefits and negatives and suggest the best one.",https://theglobeandmail.com/business/article-is-earning-an-mba-worth-the-cost-it-depends,ARTICLE,Is earning an MBA worth the cost? It depends - The Globe and Mail,3,0
"Are there any affordable MBA programs in BC? Anything under $30,000. Then compare their benefits and negatives and suggest the best one.",https://tru.ca/programs/catalogue/master-of-business-administration.html,PRODUCT_PAGE,Master of Business Administration: Thompson Rivers University,3,0
"Are there any affordable MBA programs in Canada? Anything under $30,000. Then compare their benefits and negatives and suggest the best one.",https://coursecompare.ca/affordable-mba-in-canada,LISTICLE,Best Affordable MBA Programs in Canada of 2026 | CourseCompare.ca,21,0.666666667
"Are there any affordable MBA programs in Canada? Anything under $30,000. Then compare their benefits and negatives and suggest the best one.",https://campuscybercafe.com/blog/post/cheapest-accredited-online-mba-programs-in-canada,LISTICLE,Cheapest Accredited Online MBA Programs in Canada (Full List) - Campus Cybercafe,13,0.461538462
"Are there any affordable MBA programs in Canada? Anything under $30,000. Then compare their benefits and negatives and suggest the best one.",https://find-mba.com/lists/top-10-budget-mbas-in-canada,LISTICLE,Top 10 Budget MBAs in Canada,12,0
"Are there any affordable MBA programs in Canada? Anything under $30,000. Then compare their benefits and negatives and suggest the best one.",https://yocket.com/blog/cheapest-mba-colleges-in-canada-for-international-students,LISTICLE,"Cheapest MBA in Canada: Affordable MBA Colleges, Fee & Eligibility",11,0.090909091
"Are there any affordable MBA programs in Canada? Anything under $30,000. Then compare their benefits and negatives and suggest the best one.",https://canadian-universities.net/MBA/MBA_Tuition_Canada.html,CATEGORY_PAGE,Canadian MBA Tuition Fees,9,2.666666667
"Are there any affordable MBA programs in Canada? Anything under $30,000. Then compare their benefits and negatives and suggest the best one.",https://mbaincanada.in/blog/cheapest-mba-in-canada,LISTICLE,Cheapest MBA in Canada for International Students 2026,8,0.875
"Are there any affordable MBA programs in Canada? Anything under $30,000. Then compare their benefits and negatives and suggest the best one.",https://shiksha.com/studyabroad/most-affordable-mba-colleges-in-canada-articlepage-106,CATEGORY_PAGE,Most Affordable MBA Colleges in Canada: Fees & Course,8,0.25
"Are there any affordable MBA programs in Canada? Anything under $30,000. Then compare their benefits and negatives and suggest the best one.",https://ibu.ca/blog/mba-costs-in-canada-tuition-scholarships-and-roi,PRODUCT_PAGE,"MBA Costs in Canada: Tuition, Scholarships, and ROI - IBU",6,0.5
"Are there any affordable MBA programs in Canada? Anything under $30,000. Then compare their benefits and negatives and suggest the best one.",https://accio.com/business/low-cost-mba-in-canada,OTHER,Low Cost MBA in Canada: Affordable &amp; Accredited Options,6,0
"Are there any affordable MBA programs in Canada? Anything under $30,000. Then compare their benefits and negatives and suggest the best one.",https://aeccglobal.com/advice/low-cost-mba-in-canada,LISTICLE,Affordable MBA in Canada: Low-Cost Universities 2026 | AECC,6,0.166666667
"Are there any affordable MBA programs in Canada? Anything under $30,000. Then compare their benefits and negatives and suggest the best one.",https://ilwindia.com/study-in-canada/mba-in-canada,PRODUCT_PAGE,MBA in Canada - ILW Education Consultants,6,0.5
"Are there any affordable MBA programs in Canada? Anything under $30,000. Then compare their benefits and negatives and suggest the best one.",https://theglobeandmail.com/business/article-is-earning-an-mba-worth-the-cost-it-depends,ARTICLE,Is earning an MBA worth the cost? It depends - The Globe and Mail,6,0
"Are there any affordable MBA programs in Canada? Anything under $30,000. Then compare their benefits and negatives and suggest the best one.",https://galvanizetestprep.com/blogs/affordable-business-schools-in-canada,LISTICLE,Cheap & Affordable Business Schools in Canada (2024),5,0
"Are there any affordable MBA programs in Canada? Anything under $30,000. Then compare their benefits and negatives and suggest the best one.",https://concordia.ca/jmsb/mba/tuition-aid.html,PRODUCT_PAGE,Tuition & aid | John Molson MBA - Concordia University,5,0.6
"Are there any affordable MBA programs in Canada? Anything under $30,000. Then compare their benefits and negatives and suggest the best one.",https://quora.com/Which-is-the-best-college-or-university-for-MBA-in-Canada,OTHER,null,5,0
"Are there any affordable MBA programs in Canada? Anything under $30,000. Then compare their benefits and negatives and suggest the best one.",https://upgrad.com/ca/blog/top-universities-offering-affordable-mba-in-canada,LISTICLE,Affordable MBA in Canada: Top-Quality Education at Low Cost,5,0
"Are there any affordable MBA programs in Canada? Anything under $30,000. Then compare their benefits and negatives and suggest the best one.",https://milliondollarjourney.com/canadas-most-expensive-and-lowest-cost-mba-programs.htm,OTHER,Most Expensive and Cheapest MBA Programs in Canada,4,0
"Are there any affordable MBA programs in Canada? Anything under $30,000. Then compare their benefits and negatives and suggest the best one.",https://mapleleafschools.com/schools/best-mba-programs-canada,PROFILE,Maple Leaf Schools | World-Class Canadian Education,4,0
"Are there any affordable MBA programs in Canada? Anything under $30,000. Then compare their benefits and negatives and suggest the best one.",https://scribd.com/document/370148750/Affordable-MBA-Programs-in-Canada,CATEGORY_PAGE,Affordable MBA Options in Canada \| PDF \| Master Of Business Administration \| Academic Degree,4,0
"Are there any affordable MBA programs in Canada? Anything under $30,000. Then compare their benefits and negatives and suggest the best one.",https://collegedunia.com/canada/article/cheapest-mba-in-canada-for-international-students,LISTICLE,Affordable MBA in Canada for International Students,3,0
"Are there any affordable MBA programs in Canada? Anything under $30,000. Then compare their benefits and negatives and suggest the best one.",https://find-mba.com/board/americas/budget-mba-in-canada-40978,DISCUSSION,Budget MBA in Canada | FIND MBA,3,0
"Are there any affordable MBA programs in Canada? Anything under $30,000. Then compare their benefits and negatives and suggest the best one.",https://gabble.ai/blog/mba-in-canada-cost-breakdown,OTHER,"MBA in Canada Cost Breakdown (2026) — Tuition, Living, ROI and Full Budget Guide",3,0.666666667
"Are there any affordable MBA programs in Canada? Anything under $30,000. Then compare their benefits and negatives and suggest the best one.",https://gmc-studies.com/mba-programs-in-canada-for-bangladeshi-students,LISTICLE,Affordable MBA Programs in Canada for Bangladeshi Students,3,0
"Are there any affordable MBA programs in Canada? Anything under $30,000. Then compare their benefits and negatives and suggest the best one.",https://studyabroad.careers360.com/articles/affordable-mba-colleges-in-canada,LISTICLE,Affordable MBA Colleges in Canada for Indian students 2025,3,0
"Are there any affordable MBA programs in Canada? Anything under $30,000. Then compare their benefits and negatives and suggest the best one.",https://businesstudies.com/2025/11/affordable-online-mba-programs-in.html,LISTICLE,Affordable Online MBA Programs in Canada (2025),3,0
"Are there any affordable MBA programs in Canada? Anything under $30,000. Then compare their benefits and negatives and suggest the best one.",https://coursecompare.ca/best-online-mba-canada,LISTICLE,Best Online MBA Programs in Canada of 2026 | CourseCompare.ca,3,0
"Are there any affordable MBA programs in Canada? Anything under $30,000. Then compare their benefits and negatives and suggest the best one.",https://mcgill.ca/desautels/programs/mba-programs/mba/tuition,PRODUCT_PAGE,McGill MBA Full-Time tuition and financial aid,3,0
"Are there any affordable MBA programs in Canada? Anything under $30,000. Then compare their benefits and negatives and suggest the best one.",https://metromba.com/most-affordable-mba-programs-canada,LISTICLE,Most Affordable MBA Programs in Canada| MetroMBA,3,4.333333333
"Are there any affordable MBA programs in Canada? Anything under $30,000. Then compare their benefits and negatives and suggest the best one.",https://reddit.com/r/MBA/comments/1m5nqlh/best_of_the_affordable_35k_mba_programs_in_canada,DISCUSSION,Best of the Affordable (&lt;$35K) MBA Programs in Canada,3,0
"Are there any affordable MBA programs in Canada? Anything under $30,000. Then compare their benefits and negatives and suggest the best one.",https://thechopras.com/cheapest-mba-in-canada-for-international-students,LISTICLE,Top 20 Cheapest MBA in Canada for International Students in 2026: Everything You Need to Know,3,0.666666667
"Are there any good masters in education programs in BC? Anything under $30,000. Then compare their benefits and negatives and suggest the best one.",https://earlychildhood.educ.ubc.ca/programs/graduate/med,PRODUCT_PAGE,Master of Education (MEd) in Early Childhood Education at UBC,15,0.866666667
"Are there any good masters in education programs in BC? Anything under $30,000. Then compare their benefits and negatives and suggest the best one.",https://grad.ubc.ca/prospective-students/graduate-degree-programs/master-of-education-educational-studies,PRODUCT_PAGE,Master of Education in Educational Studies (MEd) | Graduate School at The University of British Columbia (UBC),13,0.769230769
"Are there any good masters in education programs in BC? Anything under $30,000. Then compare their benefits and negatives and suggest the best one.",https://education.ok.ubc.ca/degrees-programs/masters,PRODUCT_PAGE,"Master’s (MEd, MA)",12,0.416666667
"Are there any good masters in education programs in BC? Anything under $30,000. Then compare their benefits and negatives and suggest the best one.",https://viu.ca/programs/education/master-education-educational-leadership,PRODUCT_PAGE,Master of Education in Educational Leadership | Vancouver Island University | Canada,11,0.090909091
"Are there any good masters in education programs in BC? Anything under $30,000. Then compare their benefits and negatives and suggest the best one.",https://educ.ubc.ca/programs/master-degrees,CATEGORY_PAGE,Master's Degree – Faculty of Education,8,0
"Are there any good masters in education programs in BC? Anything under $30,000. Then compare their benefits and negatives and suggest the best one.",https://educations.com/masters-degrees/education-and-teaching/canada/british-columbia,CATEGORY_PAGE,5 Education and Teaching Masters Degree Programs in British Columbia Canada - Study Abroad | educations.com,7,0
"Are there any good masters in education programs in BC? Anything under $30,000. Then compare their benefits and negatives and suggest the best one.",https://grad.ubc.ca/prospective-students/graduate-degree-programs/master-of-education-adult-learning-education,PRODUCT_PAGE,Master of Education in Adult Learning and Education (MEd) | Graduate School at The University of British Columbia (UBC),7,0.285714286
"Are there any good masters in education programs in BC? Anything under $30,000. Then compare their benefits and negatives and suggest the best one.",https://grad.ubc.ca/prospective-students/graduate-degree-programs/master-of-education-higher-education,CATEGORY_PAGE,Master of Education in Higher Education (MEd),7,0
"Are there any good masters in education programs in BC? Anything under $30,000. Then compare their benefits and negatives and suggest the best one.",https://grad.ubc.ca/prospective-students/graduate-degree-programs/master-of-education-indigenous-education,PRODUCT_PAGE,Master of Education in Indigenous Education (MEd) | Graduate School at The University of British Columbia (UBC),6,0
"Are there any good masters in education programs in BC? Anything under $30,000. Then compare their benefits and negatives and suggest the best one.",https://sfu.ca/education/programs/graduate-studies.html,CATEGORY_PAGE,Graduate Studies,6,0.5
"Are there any good masters in education programs in BC? Anything under $30,000. Then compare their benefits and negatives and suggest the best one.",https://sfu.ca/education/programs/graduate-studies/masters/ed-leader-k12/application-tuition.html,CATEGORY_PAGE,Application & Tuition,6,0
"Are there any good masters in education programs in BC? Anything under $30,000. Then compare their benefits and negatives and suggest the best one.",https://sfu.ca/education/programs/graduate-studies/masters/etld/application-tuition.html,CATEGORY_PAGE,Application &amp; Tuition - Faculty of Education - Simon Fraser University,6,0
"Are there any good masters in education programs in BC? Anything under $30,000. Then compare their benefits and negatives and suggest the best one.",https://collegedunia.com/canada/article/masters-in-education-in-canada,PROFILE,"Masters in Education in Canada: Fees 2024, Top Colleges, Placements & Salaries",5,0.2
"Are there any good masters in education programs in BC? Anything under $30,000. Then compare their benefits and negatives and suggest the best one.",https://findamasters.com/guides/best-education-universities-canada,CATEGORY_PAGE,The Best Universities for Education in Canada (2026),5,0
"Are there any good masters in education programs in BC? Anything under $30,000. Then compare their benefits and negatives and suggest the best one.",https://onlinemastersdegrees.org/most-affordable/education-programs,LISTICLE,Most Affordable Online Master’s in Education,5,0
"Are there any good masters in education programs in BC? Anything under $30,000. Then compare their benefits and negatives and suggest the best one.",https://sfu.ca/education/programs/graduate-studies/masters/ed-leader-ps-surrey/application-tuition.html,CATEGORY_PAGE,Application & Tuition,5,0
"Are there any good masters in education programs in BC? Anything under $30,000. Then compare their benefits and negatives and suggest the best one.",https://earlychildhood.educ.ubc.ca/programs/graduate/ma,PRODUCT_PAGE,Master of Arts (MA) in Early Childhood Education at UBC,4,0.25
"Are there any good masters in education programs in BC? Anything under $30,000. Then compare their benefits and negatives and suggest the best one.",https://edst.educ.ubc.ca/programs/med-programs,CATEGORY_PAGE,Master of Education (MEd) - Department of Educational Studies,4,1.5
"Are there any good masters in education programs in BC? Anything under $30,000. Then compare their benefits and negatives and suggest the best one.",https://vancouver.calendar.ubc.ca/fees/tuition-fees/graduate/masters,CATEGORY_PAGE,Master's,4,0
"Are there any good masters in education programs in BC? Anything under $30,000. Then compare their benefits and negatives and suggest the best one.",https://gradschools.com/masters/education?in=british-columbia,CATEGORY_PAGE,Master's in Education Degree Programs in British Columbia 2026 - 2027,4,0.25
"Are there any good masters in education programs in BC? Anything under $30,000. Then compare their benefits and negatives and suggest the best one.",https://reddit.com/r/CanadianTeachers/comments/1gszzf6/masters_degree_in_education,DISCUSSION,Master's Degree in Education,4,0
"Are there any good masters in education programs in BC? Anything under $30,000. Then compare their benefits and negatives and suggest the best one.",https://timeshighereducation.com/student/best-universities/best-universities-canada-education-degrees,LISTICLE,Best universities in Canada for education studies 2026,4,0
"Are there any good masters in education programs in BC? Anything under $30,000. Then compare their benefits and negatives and suggest the best one.",https://uvic.ca/education/curriculum/graduate/home/professional-degrees/index.php,PRODUCT_PAGE,Master of Education (MEd) - University of Victoria,4,3
"Are there any good masters in education programs in BC? Anything under $30,000. Then compare their benefits and negatives and suggest the best one.",https://viu.ca/admissions/tuition-fee-schedule,CATEGORY_PAGE,Tuition fee schedule | Vancouver Island University,4,0
"Are there any good masters in education programs in BC? Anything under $30,000. Then compare their benefits and negatives and suggest the best one.",https://education.ok.ubc.ca/degrees-programs/graduate-programs,PRODUCT_PAGE,"Master’s (MEd, MA)",3,0
"Are there any good masters in education programs in BC? Anything under $30,000. Then compare their benefits and negatives and suggest the best one.",https://coursecompare.ca/best-online-master-of-education-programs-in-canada,LISTICLE,Best Online Master of Education Programs in Canada 2026 | CourseCompare.ca,3,0.666666667
"Are there any good masters in education programs in BC? Anything under $30,000. Then compare their benefits and negatives and suggest the best one.",https://grad.ubc.ca/prospective-students/graduate-degree-programs/master-of-education-teaching-english-second-language,PRODUCT_PAGE,Master of Education in Teaching English as a Second Language (MEd),3,0
"Are there any good masters in education programs in BC? Anything under $30,000. Then compare their benefits and negatives and suggest the best one.",https://reddit.com/r/CanadianTeachers/comments/1533q2f/masters_of_education,DISCUSSION,Masters of education,3,0
"Are there any good masters in education programs in BC? Anything under $30,000. Then compare their benefits and negatives and suggest the best one.",https://sfu.ca/education/programs/graduate-studies/masters.html,CATEGORY_PAGE,Masters Programs - Faculty of Education - Simon Fraser University,3,0
"Are there any good masters in education programs in BC? Anything under $30,000. Then compare their benefits and negatives and suggest the best one.",https://tru.ca/current/enrolment-services/tuition.html,CATEGORY_PAGE,Tuition and Fees - Current Students,3,0
"Are there any good masters in education programs in Canada? Anything under $30,000. Then compare their benefits and negatives and suggest the best one.",https://collegedunia.com/canada/article/masters-in-education-in-canada,PROFILE,"Masters in Education in Canada: Fees 2024, Top Colleges, Placements &amp; Salaries",13,0.230769231
"Are there any good masters in education programs in Canada? Anything under $30,000. Then compare their benefits and negatives and suggest the best one.",https://scholars.truescho.com/affordable-masters-in-canada,OTHER,Opportunities | Truescho,7,0.142857143
"Are there any good masters in education programs in Canada? Anything under $30,000. Then compare their benefits and negatives and suggest the best one.",https://athabascau.ca/programs/summary/master-of-education-in-open-digital-distance-education.html,PRODUCT_PAGE,"Master of Education – Open, Digital, and Distance Education | Athabasca University",7,1.571428571
"Are there any good masters in education programs in Canada? Anything under $30,000. Then compare their benefits and negatives and suggest the best one.",https://earlychildhood.educ.ubc.ca/programs/graduate/med,PRODUCT_PAGE,Master of Education (MEd) in Early Childhood Education at UBC,5,1
"Are there any good masters in education programs in Canada? Anything under $30,000. Then compare their benefits and negatives and suggest the best one.",https://getgis.org/blog/top-affordable-masters-degrees-in-canada,LISTICLE,Top Affordable Master Degrees in Canada in 2025-26,5,0
"Are there any good masters in education programs in Canada? Anything under $30,000. Then compare their benefits and negatives and suggest the best one.",https://gradright.com/cheapest-affordable-universities-in-canada,LISTICLE,Cheapest/Affordable Universities in Canada,5,0.8
"Are there any good masters in education programs in Canada? Anything under $30,000. Then compare their benefits and negatives and suggest the best one.",https://upgrad.com/study-abroad/canada/masters/education,CATEGORY_PAGE,Masters in Education in Canada,5,0.6
"Are there any good masters in education programs in Canada? Anything under $30,000. Then compare their benefits and negatives and suggest the best one.",https://collegedunia.com/canada/article/affordable-universities-for-masters-degree-in-canada-tuition-fee-cost-of-living-city-cost-comparison,LISTICLE,Cheapest Universities in Canada for Masters in 2025,4,0
"Are there any good masters in education programs in Canada? Anything under $30,000. Then compare their benefits and negatives and suggest the best one.",https://collegedunia.com/canada/article/study-masters-in-education-in-canada-a-comprehensive-guide-for-international-students,OTHER,"Masters in Education in Canada: Fees 2024, Top Colleges, Placements &amp; Salaries",4,1.5
"Are there any good masters in education programs in Canada? Anything under $30,000. Then compare their benefits and negatives and suggest the best one.",https://earlychildhood.educ.ubc.ca/online-med,PRODUCT_PAGE,Master of Education - Early Childhood Education Program,4,0
"Are there any good masters in education programs in Canada? Anything under $30,000. Then compare their benefits and negatives and suggest the best one.",https://gyanberry.com/blog/master-of-education-in-canada,LISTICLE,"Master of Education in Canada: Courses, Fees, Eligibility",4,0.75
"Are there any good masters in education programs in Canada? Anything under $30,000. Then compare their benefits and negatives and suggest the best one.",https://helpstudyabroad.com/study-abroad/affordable-masters-programs-in-canada-for-international-students,OTHER,null,4,0
"Are there any good masters in education programs in Canada? Anything under $30,000. Then compare their benefits and negatives and suggest the best one.",https://vancouver.calendar.ubc.ca/fees/tuition-fees/graduate/masters,CATEGORY_PAGE,Master's,4,0
"Are there any good masters in education programs in Canada? Anything under $30,000. Then compare their benefits and negatives and suggest the best one.",https://accio.com/biz-cheap/low-cost-masters-in-canada,COMPARISON,low cost masters in canada 2025: Affordable Options,4,0
"Are there any good masters in education programs in Canada? Anything under $30,000. Then compare their benefits and negatives and suggest the best one.",https://edwiseinternational.com/blogs/pursuing-masters-in-education-in-canada.html,PRODUCT_PAGE,A Guide to Pursuing Masters in Education in Canada | Edwise,4,0
"Are there any good masters in education programs in Canada? Anything under $30,000. Then compare their benefits and negatives and suggest the best one.",https://findamasters.com/blog/11972/cheapest-masters-courses-in-canada-for-international-students,CATEGORY_PAGE,Cheapest Masters Courses in Canada for International Students,4,1
"Are there any good masters in education programs in Canada? Anything under $30,000. Then compare their benefits and negatives and suggest the best one.",https://findamasters.com/guides/best-education-universities-canada,CATEGORY_PAGE,The Best Universities for Education in Canada (2026),4,0
"Are there any good masters in education programs in Canada? Anything under $30,000. Then compare their benefits and negatives and suggest the best one.",https://oise.utoronto.ca/current-students/tuition-financial-support,CATEGORY_PAGE,Tuition &amp; Financial Support | Ontario Institute for Studies in Education,4,0
"Are there any good masters in education programs in Canada? Anything under $30,000. Then compare their benefits and negatives and suggest the best one.",https://reddit.com/r/CanadianTeachers/comments/1533q2f/masters_of_education,DISCUSSION,Masters of education,4,0
"Are there any good masters in education programs in Canada? Anything under $30,000. Then compare their benefits and negatives and suggest the best one.",https://selectyouruniversity.com/blog/masters-in-education-in-canada,LISTICLE,"Masters in Education in Canada: Top Colleges, Fees, Admissions, Career Scope",4,0.25
"Are there any good masters in education programs in Canada? Anything under $30,000. Then compare their benefits and negatives and suggest the best one.",https://uopeople.edu/blog/10-cheap-universities-in-canada-for-international-students,LISTICLE,10 Cheap Universities in Canada for Students | UoPeople,4,0.25
"Are there any good masters in education programs in Canada? Anything under $30,000. Then compare their benefits and negatives and suggest the best one.",https://educ.ubc.ca/programs/master-degrees,CATEGORY_PAGE,Master's Degree – Faculty of Education,3,0
"Are there any good masters in education programs in Canada? Anything under $30,000. Then compare their benefits and negatives and suggest the best one.",https://okanagan.calendar.ubc.ca/fees/tuition-fees/graduate/masters,OTHER,Master's,3,0
"Are there any good masters in education programs in Canada? Anything under $30,000. Then compare their benefits and negatives and suggest the best one.",https://athabascau.ca/humanities-and-social-sciences/programs/master-of-education-in-distance-education/index.html,PRODUCT_PAGE,Athabasca University,3,2.333333333
"Are there any good masters in education programs in Canada? Anything under $30,000. Then compare their benefits and negatives and suggest the best one.",https://grad.ubc.ca/prospective-students/graduate-degree-programs/master-of-education-adult-learning-education,PRODUCT_PAGE,Master of Education in Adult Learning and Education (MEd) | Graduate School at The University of British Columbia (UBC),3,0
"Are there any good masters in education programs in Canada? Anything under $30,000. Then compare their benefits and negatives and suggest the best one.",https://grad.ubc.ca/prospective-students/graduate-degree-programs/master-of-education-educational-studies,PRODUCT_PAGE,Master of Education in Educational Studies (MEd),3,3.333333333
"Are there any good masters in education programs in Canada? Anything under $30,000. Then compare their benefits and negatives and suggest the best one.",https://linkedin.com/pulse/study-masters-education-canada-your-fw2rf,LISTICLE,Study Master’s in Education in Canada: Your Complete Guide to Graduate Education Opportunities,3,0
"Are there any good masters in education programs in Canada? Anything under $30,000. Then compare their benefits and negatives and suggest the best one.",https://mastersportal.com/articles/2851/cheap-universities-in-canada.html,LISTICLE,Cheap Universities in Canada in 2026 \| Mastersportal,3,0.333333333
"Are there any good masters in education programs in Canada? Anything under $30,000. Then compare their benefits and negatives and suggest the best one.",https://oise.utoronto.ca/registrar-students/graduate-fees/masters-students,ARTICLE,Minimum Degree Fee for Master's students | Ontario Institute for Studies in Education,3,0
"Are there any good masters in education programs in Canada? Anything under $30,000. Then compare their benefits and negatives and suggest the best one.",https://queensu.ca/registrar/tuition-fees/graduate,PRODUCT_PAGE,Graduate Tuition & Fees | Queen's University,3,3
"Are there any good masters in education programs in Ontario? Anything under $30,000. Then compare their benefits and negatives and suggest the best one.",https://oise.utoronto.ca/ctl/masters-degrees,CATEGORY_PAGE,Master's Degrees | Ontario Institute for Studies in Education,10,0.7
"Are there any good masters in education programs in Ontario? Anything under $30,000. Then compare their benefits and negatives and suggest the best one.",https://oise.utoronto.ca/current-students/tuition-financial-support,CATEGORY_PAGE,Tuition &amp; Financial Support | Ontario Institute for Studies in Education,9,0.666666667
"Are there any good masters in education programs in Ontario? Anything under $30,000. Then compare their benefits and negatives and suggest the best one.",https://oise.utoronto.ca/registrar-students/graduate-fees/masters-students,ARTICLE,Minimum Degree Fee for Master's students | Ontario Institute for Studies in Education,9,1.888888889
"Are there any good masters in education programs in Ontario? Anything under $30,000. Then compare their benefits and negatives and suggest the best one.",https://brocku.ca/education/programs/graduate-programs/master-of-education,PRODUCT_PAGE,Master of Education (MEd) – Faculty of Education,7,0.857142857
"Are there any good masters in education programs in Ontario? Anything under $30,000. Then compare their benefits and negatives and suggest the best one.",https://redeemer.ca/programs/master-of-education,PRODUCT_PAGE,Master of Education (MEd) Degree in Ontario | Redeemer University,7,1.571428571
"Are there any good masters in education programs in Ontario? Anything under $30,000. Then compare their benefits and negatives and suggest the best one.",https://educations.com/masters-degrees/education-and-teaching/canada/ontario,CATEGORY_PAGE,8 Education and Teaching Masters Degree Programs in Ontario Canada - Study Abroad | educations.com,6,1.333333333
"Are there any good masters in education programs in Ontario? Anything under $30,000. Then compare their benefits and negatives and suggest the best one.",https://gradschools.com/masters/education?in=ontario,CATEGORY_PAGE,Master's in Education Degree Programs in Ontario 2026 - 2027,6,0.166666667
"Are there any good masters in education programs in Ontario? Anything under $30,000. Then compare their benefits and negatives and suggest the best one.",https://nipissingu.ca/departments/student-financial-services/fees-and-payments/grad-tuition-fees/med-canada,PRODUCT_PAGE,Master of Education - Canada,6,0.333333333
"Are there any good masters in education programs in Ontario? Anything under $30,000. Then compare their benefits and negatives and suggest the best one.",https://oise.utoronto.ca/ctl/masters-degrees/master-education-field-language-teaching-language-and-literacies-education,OTHER,Master of Education Field in Language Teaching (Language &amp; Literacies Education) | Ontario Institute for Studies in Education,6,0
"Are there any good masters in education programs in Ontario? Anything under $30,000. Then compare their benefits and negatives and suggest the best one.",https://reddit.com/r/CanadianTeachers/comments/1533q2f/maestros_de_la_educaci%C3%B3n/es,DISCUSSION,null,6,0
"Are there any good masters in education programs in Ontario? Anything under $30,000. Then compare their benefits and negatives and suggest the best one.",https://brocku.ca/education/programs/master-of-education,PRODUCT_PAGE,Master of Education (MEd) – Faculty of Education,5,2
"Are there any good masters in education programs in Ontario? Anything under $30,000. Then compare their benefits and negatives and suggest the best one.",https://future.utoronto.ca/professional-and-graduate-programs,CATEGORY_PAGE,Professional Graduate Programs | Future Students. University of Toronto,5,0.2
"Are there any good masters in education programs in Ontario? Anything under $30,000. Then compare their benefits and negatives and suggest the best one.",https://coursecompare.ca/courses/toronto/ontario-tech-university/master-of-education,PROFILE,Ontario Tech University Toronto - Full-Time Master of Education | CourseCompare.ca,5,3
"Are there any good masters in education programs in Ontario? Anything under $30,000. Then compare their benefits and negatives and suggest the best one.",https://educations.com/masters-degrees/education-and-teaching/canada,CATEGORY_PAGE,17 Education and Teaching Masters Degree Programs in Canada - Study Abroad | educations.com,5,0
"Are there any good masters in education programs in Ontario? Anything under $30,000. Then compare their benefits and negatives and suggest the best one.",https://nipissingu.ca/departments/student-financial-services/grad-tuition-fees/master-education-tuition,PRODUCT_PAGE,Master of Education - Ontario,5,2.6
"Are there any good masters in education programs in Ontario? Anything under $30,000. Then compare their benefits and negatives and suggest the best one.",https://nipissingu.ca/med,HOMEPAGE,Master of Education | Nipissing University,5,0.8
"Are there any good masters in education programs in Ontario? Anything under $30,000. Then compare their benefits and negatives and suggest the best one.",https://oise.utoronto.ca/home/registrar-students/graduate-fees/masters-students,HOW_TO_GUIDE,Minimum Degree Fee for Master&#039;s students | Ontario Institute for Studies in Education,5,1.2
"Are there any good masters in education programs in Ontario? Anything under $30,000. Then compare their benefits and negatives and suggest the best one.",https://onlinemastersdegrees.org/most-affordable/education-programs,LISTICLE,Most Affordable Online Master’s in Education,5,0
"Are there any good masters in education programs in Ontario? Anything under $30,000. Then compare their benefits and negatives and suggest the best one.",https://collegedunia.com/canada/article/masters-in-education-in-canada,PROFILE,"Masters in Education in Canada: Fees 2024, Top Colleges, Placements &amp; Salaries",4,0
"Are there any good masters in education programs in Ontario? Anything under $30,000. Then compare their benefits and negatives and suggest the best one.",https://lakeheadu.ca/students/finances/student-fees/fees/graduate-fees/2025-2026/node/297216,OTHER,Master of Education,4,1.5
"Are there any good masters in education programs in Ontario? Anything under $30,000. Then compare their benefits and negatives and suggest the best one.",https://nipissingu.ca/academics/school-graduate-studies/master-education,PROFILE,Master of Education,4,0
"Are there any good masters in education programs in Ontario? Anything under $30,000. Then compare their benefits and negatives and suggest the best one.",https://oise.utoronto.ca/ctl/masters-degrees/master-teaching,PRODUCT_PAGE,Master of Teaching | Ontario Institute for Studies in Education,4,0.75
"Are there any good masters in education programs in Ontario? Anything under $30,000. Then compare their benefits and negatives and suggest the best one.",https://oise.utoronto.ca/lhae/masters-degrees/master-education-educational-leadership-policy,PRODUCT_PAGE,Master of Education in Educational Leadership &amp; Policy | Ontario Institute for Studies in Education,4,0.5
"Are there any good masters in education programs in Ontario? Anything under $30,000. Then compare their benefits and negatives and suggest the best one.",https://reddit.com/r/CanadianTeachers/comments/1gszzf6/masters_degree_in_education,DISCUSSION,Master's Degree in Education,4,0
"Are there any good masters in education programs in Ontario? Anything under $30,000. Then compare their benefits and negatives and suggest the best one.",https://shiksha.com/studyabroad/canada/universities/university-of-ontario-institute-of-technology/master-of-education-in-education,PRODUCT_PAGE,"Master of Education in Education from Ontario Tech University - Fees, Requirements, Ranking, Eligibility, Scholarship",4,0
"Are there any good masters in education programs in Ontario? Anything under $30,000. Then compare their benefits and negatives and suggest the best one.",https://gyanberry.com/blog/master-of-education-in-canada,LISTICLE,"Master of Education in Canada: Courses, Fees, Eligibility",3,0
"Are there any good masters in education programs in Ontario? Anything under $30,000. Then compare their benefits and negatives and suggest the best one.",https://loaportal.com/schools/ontario-tech-university/programs/master-of-education-med-coursework-16005,PRODUCT_PAGE,Master Of Education (med) (Coursework) at Ontario Tech University - Program overview | LOA Portal,3,0.666666667
"Are there any good masters in education programs in Ontario? Anything under $30,000. Then compare their benefits and negatives and suggest the best one.",https://reddit.com/r/CanadianTeachers/comments/1533q2f/masters_of_education,DISCUSSION,Masters of education,3,0
"Are there any good masters in education programs in Ontario? Anything under $30,000. Then compare their benefits and negatives and suggest the best one.",https://brocku.ca/programs/graduate/med,PRODUCT_PAGE,Education (MEd) – Academic Programs,2,0
"Are there any good masters in education programs in Ontario? Anything under $30,000. Then compare their benefits and negatives and suggest the best one.",https://ontariotechu.ca/programs/graduate/education/master-of-education/index.php,PRODUCT_PAGE,Education (Master of Education),2,2
"Can you describe the role of an MBA in my business career, then offer the best online MBA degrees I could take that are available Canada-wide?",https://coursecompare.ca/best-online-mba-canada,LISTICLE,Best Online MBA Programs in Canada of 2026 | CourseCompare.ca,19,1.052631579
"Can you describe the role of an MBA in my business career, then offer the best online MBA degrees I could take that are available Canada-wide?",https://onlinessb.carleton.ca/business-degrees/mba,PRODUCT_PAGE,Online MBA Degree Programs at Carleton University,12,0.5
"Can you describe the role of an MBA in my business career, then offer the best online MBA degrees I could take that are available Canada-wide?",https://onlinessb.carleton.ca/business-degrees/mba/general,PRODUCT_PAGE,Online Master of Business Administration (MBA) at Carleton University,10,1.5
"Can you describe the role of an MBA in my business career, then offer the best online MBA degrees I could take that are available Canada-wide?",https://tutorlyft.com/blogs/best-online-mba-programs-canada,LISTICLE,The Best Online MBA Programs in Canada (2026),10,1.2
"Can you describe the role of an MBA in my business career, then offer the best online MBA degrees I could take that are available Canada-wide?",https://online.unb.ca/master-of-business-administration,PRODUCT_PAGE,Online MBA | UNB Online,9,1.555555556
"Can you describe the role of an MBA in my business career, then offer the best online MBA degrees I could take that are available Canada-wide?",https://yorkvilleu.ca/blog/mba/canadas-best-online-mbas,COMPARISON,Canada’s Top Online MBAs: Which Is the Best Choice in 2026? - Yorkville,9,1.666666667
"Can you describe the role of an MBA in my business career, then offer the best online MBA degrees I could take that are available Canada-wide?",https://online.stmarys.ac.uk/blogs/what-an-mba-can-do-for-your-career-an-explainer,ARTICLE,What an MBA can do for your career: an explainer - Blog,7,0
"Can you describe the role of an MBA in my business career, then offer the best online MBA degrees I could take that are available Canada-wide?",https://smith.queensu.ca/mba_programs/gomba/index.php,PRODUCT_PAGE,Global Online MBA | Smith School of Business,7,2.285714286
"Can you describe the role of an MBA in my business career, then offer the best online MBA degrees I could take that are available Canada-wide?",https://smith.queensu.ca/mba_programs/gomba/landing.php,PRODUCT_PAGE,Smith School of Business | Queen's University,7,0
"Can you describe the role of an MBA in my business career, then offer the best online MBA degrees I could take that are available Canada-wide?",https://ufred.ca/online-degrees/online-mba,PRODUCT_PAGE,Online MBA Canada | UFred,7,1.714285714
"Can you describe the role of an MBA in my business career, then offer the best online MBA degrees I could take that are available Canada-wide?",https://aib.edu.au/ca/programs/mba,PRODUCT_PAGE,Master of Business Administration,7,0
"Can you describe the role of an MBA in my business career, then offer the best online MBA degrees I could take that are available Canada-wide?",https://athabascau.ca/programs/summary/master-of-business-administration.html,PRODUCT_PAGE,Athabasca University,7,0.857142857
"Can you describe the role of an MBA in my business career, then offer the best online MBA degrees I could take that are available Canada-wide?",https://mba.com/business-school-and-careers/career-possibilities/mba-jobs-what-can-you-do-with-an-mba,ARTICLE,What Can You Do with an MBA? │ mba.com,7,3.571428571
"Can you describe the role of an MBA in my business career, then offer the best online MBA degrees I could take that are available Canada-wide?",https://migrationvisportal.com/2025/12/best-mba-programs-online-canada-2026.html,LISTICLE,Best MBA Programs Online Canada 2026: Complete Guide,7,0
"Can you describe the role of an MBA in my business career, then offer the best online MBA degrees I could take that are available Canada-wide?",https://upgrad.com/ca/blog/how-an-online-mba-can-help-you-advance-your-career-in-canada,LISTICLE,How an Online MBA Can Help You Advance Your Career in Canada,7,0.428571429
"Can you describe the role of an MBA in my business career, then offer the best online MBA degrees I could take that are available Canada-wide?",https://upgrad.com/ca/blog/is-an-online-mba-worth-it-for-professionals-in-canada,COMPARISON,Is an Online MBA worth It for Canadian Professionals?,7,0
"Can you describe the role of an MBA in my business career, then offer the best online MBA degrees I could take that are available Canada-wide?",https://upgrad.com/ca/blog/online-mba-career-growth-canada,HOW_TO_GUIDE,How an Online MBA Accelerates Career Promotions in Canada,7,0
"Can you describe the role of an MBA in my business career, then offer the best online MBA degrees I could take that are available Canada-wide?",https://ibu.ca/online-mba,PRODUCT_PAGE,Career-Focused Online MBA Programs in Canada | IBU,6,1.833333333
"Can you describe the role of an MBA in my business career, then offer the best online MBA degrees I could take that are available Canada-wide?",https://mapleleafschools.com/schools/best-online-mba-programs-canada,PROFILE,Maple Leaf Schools | World-Class Canadian Education,6,0.5
"Can you describe the role of an MBA in my business career, then offer the best online MBA degrees I could take that are available Canada-wide?",https://online.unb.ca/blog/beyond-the-classroom-what-to-do-with-an-mba,LISTICLE,Beyond the classroom: What can you do with an MBA? | UNB Online,5,0
"Can you describe the role of an MBA in my business career, then offer the best online MBA degrees I could take that are available Canada-wide?",https://ufred.ca/mba,HOMEPAGE,Online MBA Canada | UFred,5,0.8
"Can you describe the role of an MBA in my business career, then offer the best online MBA degrees I could take that are available Canada-wide?",https://acadfly.com/blogs/what-is-the-importance-of-mba,LISTICLE,What is the Importance of MBA?,5,0
"Can you describe the role of an MBA in my business career, then offer the best online MBA degrees I could take that are available Canada-wide?",https://ucanwest.ca/programs/graduate/online-mba,PRODUCT_PAGE,Online MBA | University Canada West,5,1
"Can you describe the role of an MBA in my business career, then offer the best online MBA degrees I could take that are available Canada-wide?",https://upgrad.com/ca/blog/best-online-mba-programs-in-canada-for-working-professionals,LISTICLE,Top Online MBA Programs in Canada for Professionals in 2026,5,1
"Can you describe the role of an MBA in my business career, then offer the best online MBA degrees I could take that are available Canada-wide?",https://wbs.ac.uk/blogs/student/mba/why-do-an-mba,LISTICLE,Why do an MBA? Advantages and Career Benefits | MBA | Warwick Business School,5,0
"Can you describe the role of an MBA in my business career, then offer the best online MBA degrees I could take that are available Canada-wide?",https://macleans.ca/education/mba/how-an-mba-can-transform-your-career,ARTICLE,How an MBA can transform your career - Macleans.ca,4,0.25
"Can you describe the role of an MBA in my business career, then offer the best online MBA degrees I could take that are available Canada-wide?",https://smith.queensu.ca/mba_programs,CATEGORY_PAGE,Our MBA Suite | Smith School of Business,4,0.25
"Can you describe the role of an MBA in my business career, then offer the best online MBA degrees I could take that are available Canada-wide?",https://aib.edu.au/blog/canada/the-roi-of-an-mba-in-canada-is-an-mba-worth-it,ARTICLE,The ROI of an MBA in Canada: Is an MBA worth it?,4,0
"Can you describe the role of an MBA in my business career, then offer the best online MBA degrees I could take that are available Canada-wide?",https://gmac.com/resources/learners/business-programs/explore-programs/5-mba-specializations-canada,LISTICLE,5 Top MBA Specializations in Canada,4,0.25
"Can you describe the role of an MBA in my business career, then offer the best online MBA degrees I could take that are available Canada-wide?",https://ibu.ca/blog/what-is-an-mba-degree-unlocking-career-potential,LISTICLE,What is an MBA degree and why employers value it,3,0
"Can you list the key prerequisites of a Canada BBA program, make sure to mention the schools as you list them.",https://coursecompare.ca/best-bba-and-bcomm-degrees,LISTICLE,Best BBA and BComm Degrees in Canada of 2026 | CourseCompare.ca,13,0.615384615
"Can you list the key prerequisites of a Canada BBA program, make sure to mention the schools as you list them.",https://schulich.yorku.ca/admissions/admissions-requirements/bba,HOW_TO_GUIDE,Bachelor of Business Administration (BBA) Admission Requirements - Schulich School of Business,11,1.909090909
"Can you list the key prerequisites of a Canada BBA program, make sure to mention the schools as you list them.",https://schulich.yorku.ca/programs/bba,PRODUCT_PAGE,Bachelor of Business Administration | Schulich School of Business,10,0
"Can you list the key prerequisites of a Canada BBA program, make sure to mention the schools as you list them.",https://rotmancommerce.utoronto.ca/future-students/ontario-applicants,HOW_TO_GUIDE,Ontario High School Applicants - Future Students,7,0.857142857
"Can you list the key prerequisites of a Canada BBA program, make sure to mention the schools as you list them.",https://idreamcareer.com/blog/bba-in-canada,LISTICLE,"BBA in Canada: Universities, Eligibility, Cost & Much More \| iDC",6,0.166666667
"Can you list the key prerequisites of a Canada BBA program, make sure to mention the schools as you list them.",https://schulich.yorku.ca/admissions/undergraduate-admissions-faqs,PRODUCT_PAGE,Undergraduate Program FAQs | Schulich School of Business,6,0
"Can you list the key prerequisites of a Canada BBA program, make sure to mention the schools as you list them.",https://future.uwindsor.ca/program/business-administration,PRODUCT_PAGE,Business Administration - University of Windsor,6,0
"Can you list the key prerequisites of a Canada BBA program, make sure to mention the schools as you list them.",https://ouinfo.ca/programs/york/yba,PRODUCT_PAGE,Business Administration (BBA) – OUInfo,6,0
"Can you list the key prerequisites of a Canada BBA program, make sure to mention the schools as you list them.",https://brocku.ca/goodman/programs/bba,PRODUCT_PAGE,Bachelor of Business Administration (BBA) – Goodman School of Business,5,0
"Can you list the key prerequisites of a Canada BBA program, make sure to mention the schools as you list them.",https://myls.ai/blog/how-to-get-into-top-canadian-business-and-commerce-programs,HOW_TO_GUIDE,How to Get Into Top Canadian Business and Commerce Programs | MYLS Interview Blog | MYLS Interview,5,1.4
"Can you list the key prerequisites of a Canada BBA program, make sure to mention the schools as you list them.",https://schulich.yorku.ca/admissions/admissions-requirements/ibba,HOW_TO_GUIDE,International Bachelor of Business Administration (iBBA) Admission Requirements - Schulich School of Business,5,0
"Can you list the key prerequisites of a Canada BBA program, make sure to mention the schools as you list them.",https://schulich.yorku.ca/admissions/how-to-apply-undergrad,HOW_TO_GUIDE,Undergraduate Admissions | Schulich School of Business,5,0.4
"Can you list the key prerequisites of a Canada BBA program, make sure to mention the schools as you list them.",https://schulich.yorku.ca/programs/bba/details,PRODUCT_PAGE,Bachelor of Business Administration | Schulich School of Business,5,0
"Can you list the key prerequisites of a Canada BBA program, make sure to mention the schools as you list them.",https://aecoverseas.com/accommodation/canada-accomodation/study-bba-in-canada,OTHER,BBA in Canada: Overview and Requirements - AEC,5,0
"Can you list the key prerequisites of a Canada BBA program, make sure to mention the schools as you list them.",https://artsci.utoronto.ca/future/ready-apply/admission-categories/rotman-commerce,PRODUCT_PAGE,Rotman Commerce Admission Category \| Faculty of Arts & Science,5,0
"Can you list the key prerequisites of a Canada BBA program, make sure to mention the schools as you list them.",https://youthfully.com/rotman-commerce-u-of-t-definitive-guide,HOW_TO_GUIDE,U of T Rotman Commerce: The Definitive Guide for Applicants (2026),5,1.4
"Can you list the key prerequisites of a Canada BBA program, make sure to mention the schools as you list them.",https://yocket.com/blog/bba-in-canada,LISTICLE,"Complete Guide to BBA in Canada: Top BBA Colleges in Canada, Admission Requirements, Fees & More",5,0
"Can you list the key prerequisites of a Canada BBA program, make sure to mention the schools as you list them.",https://collegedunia.com/canada/article/bba-in-canada,OTHER,"BBA in Canada: Colleges, Deadlines, Fees 2024, Jobs & Salaries",4,0
"Can you list the key prerequisites of a Canada BBA program, make sure to mention the schools as you list them.",https://utsc.utoronto.ca/admissions/programs/economics-management-studies-bba,PRODUCT_PAGE,Economics for Management Studies (BBA) | Admissions &amp; Student Recruitment,4,0
"Can you list the key prerequisites of a Canada BBA program, make sure to mention the schools as you list them.",https://avanse.com/blog/bba-in-canada,LISTICLE,"BBA in Canada 2026: Top Universities, Fees, Career Scope &amp; More",4,0.75
"Can you list the key prerequisites of a Canada BBA program, make sure to mention the schools as you list them.",https://collegedekhoabroad.com/canada/universities-bba,OTHER,"BBA in Canada - Top Universities, Fees, Intake, Eligibility &amp; Scholarship",4,0.25
"Can you list the key prerequisites of a Canada BBA program, make sure to mention the schools as you list them.",https://idp.com/india/study-in-canada/bba-in-canada-after-12th,LISTICLE,"BBA in Canada - Top Universities, Courses, Eligibility & Fees",4,1.5
"Can you list the key prerequisites of a Canada BBA program, make sure to mention the schools as you list them.",https://ivey.uwo.ca/hba/admissions/secondary-school-students,HOW_TO_GUIDE,Ivey AEO - Apply From High School Today | Ivey HBA,4,0.75
"Can you list the key prerequisites of a Canada BBA program, make sure to mention the schools as you list them.",https://torontomu.ca/programs/undergraduate/business-management,PRODUCT_PAGE,Business Management - BComm (Hons),4,0
"Can you list the key prerequisites of a Canada BBA program, make sure to mention the schools as you list them.",https://youthfully.com/best-business-schools-in-canada-undergraduate-programs,LISTICLE,Best Business Schools in Canada (2025 - Undergrad),4,0.75
"Can you list the key prerequisites of a Canada BBA program, make sure to mention the schools as you list them.",https://youthfully.com/york-schulich-bba-guide,HOW_TO_GUIDE,York Schulich BBA: The Definitive Guide for Applicants (2026),4,0
"Can you list the key prerequisites of a Canada BBA program, make sure to mention the schools as you list them.",https://gyanberry.com/blog/study-bba-in-canada-best-courses-universities,LISTICLE,BBA in Canada: Best Courses &amp; Universities,3,0
"Can you list the key prerequisites of a Canada BBA program, make sure to mention the schools as you list them.",https://laurentian.ca/academics/program/business-administration,CATEGORY_PAGE,Business Administration (BBA) | UG | Laurentian University,3,0
"Can you list the key prerequisites of a Canada BBA program, make sure to mention the schools as you list them.",https://laurentian.ca/program/ADMN/details,OTHER,null,3,0
"Can you list the key prerequisites of a Canada BBA program, make sure to mention the schools as you list them.",https://students.wlu.ca/programs/lazaridis-school/business/undergraduate-programs/program-requirements.html,CATEGORY_PAGE,Business Administration (Undergraduate) Program Requirements | Students,3,0
Can you recommend me some online master programs for teachers in Canada?,https://educ.queensu.ca/graduate/online/pme,PRODUCT_PAGE,Professional Master of Education (PME),18,1.111111111
Can you recommend me some online master programs for teachers in Canada?,https://reddit.com/r/CanadianTeachers/comments/1m5lbcy/looking_for_recommendations_on_online_master_of,DISCUSSION,Looking for recommendations on online Master of Education programs in Canada,9,0.777777778
Can you recommend me some online master programs for teachers in Canada?,https://educ.queensu.ca/graduate/online,CATEGORY_PAGE,Online Graduate Programs | Faculty of Education,8,0.375
Can you recommend me some online master programs for teachers in Canada?,https://oise.utoronto.ca/ctl/masters-degrees/master-education-field-online-teaching-and-learning-curriculum-pedagogy,OTHER,Master of Education Field in Online Teaching & Learning (Curriculum & Pedagogy) | Ontario Institute for Studies in Education,8,1.125
Can you recommend me some online master programs for teachers in Canada?,https://yorkvilleu.ca/programs/master-of-education-in-curriculum-and-pedagogy,PRODUCT_PAGE,Master of Education in Curriculum and Pedagogy | Yorkville University,8,1.25
Can you recommend me some online master programs for teachers in Canada?,https://catalogue.uottawa.ca/en/graduate/master-education-concentration-studies-teaching-learning-virtual,PRODUCT_PAGE,Master of Education (Studies in Teaching and Learning) (Online) < uOttawa,7,0.428571429
Can you recommend me some online master programs for teachers in Canada?,https://opl.educ.ubc.ca/med_tesl,HOMEPAGE,UBC MEd in Teaching English as a Second Language (TESL),7,1.571428571
Can you recommend me some online master programs for teachers in Canada?,https://athabascau.ca/programs/summary/master-of-education-in-open-digital-distance-education.html,PRODUCT_PAGE,"Master of Education – Open, Digital, and Distance Education | Athabasca University",7,1.285714286
Can you recommend me some online master programs for teachers in Canada?,https://educ.queensu.ca//graduate/online,CATEGORY_PAGE,Online Graduate Programs | Faculty of Education,6,0
Can you recommend me some online master programs for teachers in Canada?,https://athabascau.ca/humanities-and-social-sciences/programs/master-of-education-in-distance-education/index.html,PRODUCT_PAGE,Athabasca University,6,2
Can you recommend me some online master programs for teachers in Canada?,https://educations.com/education-and-teaching/canada/distance-learning,CATEGORY_PAGE,14 Online Education and Teaching Degree Programs in Canada - Study Abroad \| educations.com,6,0.166666667
Can you recommend me some online master programs for teachers in Canada?,https://educations.com/masters-degrees/teaching/canada/distance-learning?redirectSource=onlinestudies,CATEGORY_PAGE,8 Online Education and Teaching Masters Degree Programs in Canada - Study Abroad | educations.com,6,0
Can you recommend me some online master programs for teachers in Canada?,https://reddit.com/r/CanadianTeachers/comments/lcsu5i/canadian_teachers_where_did_you_get_your_masters/gm1ukgg,DISCUSSION,"Canadian teachers, where did you get your masters degree online while at work? What would you recommend? A few questions from a Canadian teacher! West coast based",6,0
Can you recommend me some online master programs for teachers in Canada?,https://upgrad.com/ca/blog/online-m-ed-programs-canada-teaching-professionals,LISTICLE,Top Online M.Ed. Programs for Teaching Professionals in Canada,6,0.166666667
Can you recommend me some online master programs for teachers in Canada?,https://brocku.ca/education/programs/master-of-professional-education-mped,PRODUCT_PAGE,Master of Professional Education (MPEd) – Faculty of Education,5,1.6
Can you recommend me some online master programs for teachers in Canada?,https://educ.ubc.ca/master-of-education-med-mathematics-education-online-cohort,CATEGORY_PAGE,Master of Education (MEd) – Mathematics Education Online Cohort,5,0
Can you recommend me some online master programs for teachers in Canada?,https://educ.ubc.ca/master-of-education-med-science-education-sced-online-cohort,PRODUCT_PAGE,Master of Education (MEd) – Science Education Online Cohort – Faculty of Education,5,0.4
Can you recommend me some online master programs for teachers in Canada?,https://coursecompare.ca/best-online-master-of-education-programs-in-canada,LISTICLE,Best Online Master of Education Programs in Canada 2026 | CourseCompare.ca,5,1.4
Can you recommend me some online master programs for teachers in Canada?,https://educations.com/masters/education/canada/distance-learning,CATEGORY_PAGE,"7 Online Skills, Education and Professional Development Master's Degree Programs in Canada - Study Abroad | educations.com",5,0.2
Can you recommend me some online master programs for teachers in Canada?,https://mun.ca/educ/programs/online-learning,CATEGORY_PAGE,Online Learning | Faculty of Education,5,2.2
Can you recommend me some online master programs for teachers in Canada?,https://tonybates.ca/e-learning-resources-for-post-secondary-education/duplicate-2,LISTICLE,Recommended graduate programs on online and distance learning | Tony Bates,5,0
Can you recommend me some online master programs for teachers in Canada?,https://uwindsor.ca/education/masters/med-online,CATEGORY_PAGE,Complete your M.Ed. entirely online.,5,2.2
Can you recommend me some online master programs for teachers in Canada?,https://educ.ubc.ca/programs/online-programs,CATEGORY_PAGE,Online Programs – Faculty of Education,4,0
Can you recommend me some online master programs for teachers in Canada?,https://opl.educ.ubc.ca/med-literacy,PRODUCT_PAGE,Master of Education in Literacy Education,4,0
Can you recommend me some online master programs for teachers in Canada?,https://edu.uwo.ca/graduate-education/mped/index.html,PRODUCT_PAGE,MPEd,4,3.5
Can you recommend me some online master programs for teachers in Canada?,https://educations.com/masters-degrees/education-and-teaching/canada/distance-learning,CATEGORY_PAGE,8 Online Education and Teaching Masters Degree Programs in Canada - Study Abroad | educations.com,4,0.5
Can you recommend me some online master programs for teachers in Canada?,https://oise.utoronto.ca/ctl/teacher-education,PRODUCT_PAGE,Teacher Education | Ontario Institute for Studies in Education,4,0.25
Can you recommend me some online master programs for teachers in Canada?,https://oise.utoronto.ca/home/ctl/masters-degrees/master-education-field-online-teaching-and-learning-curriculum-pedagogy,OTHER,Master of Education Field in Online Teaching &amp; Learning (Curriculum &amp; Pedagogy) | Ontario Institute for Studies in Education,4,1.5
Can you recommend me some online master programs for teachers in Canada?,https://educ.queensu.ca//graduate/online/pme,PRODUCT_PAGE,Professional Master of Education (PME),3,1.333333333
Can you recommend me some online master programs for teachers in Canada?,https://educ.queensu.ca/graduate/on-campus/masters,PRODUCT_PAGE,Master of Education (MEd) | Faculty of Education,3,0
"Describe the benefits of an online BBA degree, then suggest and compare the best BBA degrees in BC",https://coursecompare.ca/best-online-bba-bcom-programs-canada,LISTICLE,Best Online BBA and BCom Programs in Canada of 2026 | CourseCompare.ca,18,1
"Describe the benefits of an online BBA degree, then suggest and compare the best BBA degrees in BC",https://coursecompare.ca/online-bba-vs-on-campus-bba,ARTICLE,Online BBA vs. On-Campus BBA: What You Should Know Before You Choose | CourseCompare.ca,16,1.75
"Describe the benefits of an online BBA degree, then suggest and compare the best BBA degrees in BC",https://yorkvilleu.ca/programs/bachelor-of-business-administration-online,PRODUCT_PAGE,Online Business Degree | Business Administration (BBA) | Yorkville University,14,0.5
"Describe the benefits of an online BBA degree, then suggest and compare the best BBA degrees in BC",https://coursecompare.ca/best-bba-and-bcomm-degrees,LISTICLE,Best BBA and BComm Degrees in Canada of 2026 | CourseCompare.ca,10,2.1
"Describe the benefits of an online BBA degree, then suggest and compare the best BBA degrees in BC",https://viu.ca/programs/business-management/bachelor-business-administration-bba-majors-and-minors,PRODUCT_PAGE,"Bachelor of Business Administration (BBA), Majors and Minors | Vancouver Island University",10,0.3
"Describe the benefits of an online BBA degree, then suggest and compare the best BBA degrees in BC",https://ufred.ca/programs/business/bba,PRODUCT_PAGE,Online BBA Canada | UFred,8,0.125
"Describe the benefits of an online BBA degree, then suggest and compare the best BBA degrees in BC",https://laurentian.ca/program/bba-online,PRODUCT_PAGE,Business Administration (online BBA) | Laurentian University,7,0.285714286
"Describe the benefits of an online BBA degree, then suggest and compare the best BBA degrees in BC",https://mbaquery.com/blogs/7/top-benefits-of-pursuing-an-online-bba-program-while-working,OTHER,Top Benefits of Pursuing an Online BBA while Working | MBA Query,7,1.142857143
"Describe the benefits of an online BBA degree, then suggest and compare the best BBA degrees in BC",https://ufred.ca/knowledge-hub/is-a-bba-degree-worth-it,PRODUCT_PAGE,Is a BBA degree worth it?,7,0.571428571
"Describe the benefits of an online BBA degree, then suggest and compare the best BBA degrees in BC",https://laurentian.ca/academics/program/bba-online,PRODUCT_PAGE,Business Administration (online BBA) | UG | Laurentian University,6,0.666666667
"Describe the benefits of an online BBA degree, then suggest and compare the best BBA degrees in BC",https://online.unb.ca/blog/bachelor-of-applied-management-vs-BBA,COMPARISON,Bachelor of Applied Management (BAM) vs. BBA,6,0.166666667
"Describe the benefits of an online BBA degree, then suggest and compare the best BBA degrees in BC",https://ufred.ca/online-degrees/online-bba,PRODUCT_PAGE,Online BBA Canada | UFred,6,2
"Describe the benefits of an online BBA degree, then suggest and compare the best BBA degrees in BC",https://admissionpanel.com/blogs/benefits-of-an-online-bba-degree,LISTICLE,Building Business Leaders: Benefits of an Online BBA Degree,6,1.666666667
"Describe the benefits of an online BBA degree, then suggest and compare the best BBA degrees in BC",https://bcit.ca/programs/bachelor-of-business-administration-bachelor-of-business-administration-full-time-part-time-9975bba,PRODUCT_PAGE,"Bachelor of Business Administration, Bachelor of Business Administration, Full-time/Part-time (9975BBA)",6,0
"Describe the benefits of an online BBA degree, then suggest and compare the best BBA degrees in BC",https://dypatilonline.com/blogs/rise-online-education-exploring-benefits-pursuing-online-bba-degree,LISTICLE,The Rise of Online Education: Exploring the Benefits of Pursuing an Online BBA Degree,6,0
"Describe the benefits of an online BBA degree, then suggest and compare the best BBA degrees in BC",https://pw.live/online-degree/exams/is-online-bba-worth-it,ARTICLE,Is Online BBA Worth It in 2025 to Pursue Career Goals?,6,0.166666667
"Describe the benefits of an online BBA degree, then suggest and compare the best BBA degrees in BC",https://viu.ca/programs/online-programs-courses,CATEGORY_PAGE,Online Programs and Courses | Vancouver Island University,6,0
"Describe the benefits of an online BBA degree, then suggest and compare the best BBA degrees in BC",https://yorkvilleu.ca/programs/bachelor-of-business-administration-online/accounting,CATEGORY_PAGE,Online Accounting Program - BBA | Yorkville University,6,0
"Describe the benefits of an online BBA degree, then suggest and compare the best BBA degrees in BC",https://bcit.ca/programs/business-administration-general-option-diploma-part-time-703adipma,PRODUCT_PAGE,"Business Administration (General Option), Diploma, Part-time (703ADIPMA)",5,0
"Describe the benefits of an online BBA degree, then suggest and compare the best BBA degrees in BC",https://coursecompare.ca/best-online-universities-canada,LISTICLE,Best Online Universities in Canada of 2026 | CourseCompare.ca,5,0.2
"Describe the benefits of an online BBA degree, then suggest and compare the best BBA degrees in BC",https://laurentian.ca/programme/ADMQE/https//laurentianca/programme/ADMQE,OTHER,null,4,0
"Describe the benefits of an online BBA degree, then suggest and compare the best BBA degrees in BC",https://monify.click,HOMEPAGE,100% online Bachelor of Business Administration | Yorkville University,4,0
"Describe the benefits of an online BBA degree, then suggest and compare the best BBA degrees in BC",https://moniq.click,HOMEPAGE,100% online Bachelor of Business Administration | Yorkville University,4,0
"Describe the benefits of an online BBA degree, then suggest and compare the best BBA degrees in BC",https://ufred.ca/business-programs/bba,PRODUCT_PAGE,Online BBA Canada | UFred,4,0
"Describe the benefits of an online BBA degree, then suggest and compare the best BBA degrees in BC",https://bcit.ca/programs/bachelor-of-business-administration-bachelor-of-business-administration-full-time-part-time-9975bba?gad_source=1&gclsrc=aw.ds,PRODUCT_PAGE,"Bachelor of Business Administration, Bachelor of Business Administration, Full-time/Part-time (9975BBA)",4,1
"Describe the benefits of an online BBA degree, then suggest and compare the best BBA degrees in BC",https://collegeraptor.com/getting-in/articles/online-colleges/the-benefits-of-getting-your-bb-online,PROFILE,Benefits of Getting an Online BBA Degree - College Raptor,4,0
"Describe the benefits of an online BBA degree, then suggest and compare the best BBA degrees in BC",https://onlinecu.in/blog/cu/online-bba-vs-regular-bba-comparison.php,COMPARISON,Online BBA vs Regular BBA: Which Degree Is Right for Your Career Goals?- Chandigarh University,4,1.75
"Describe the benefits of an online BBA degree, then suggest and compare the best BBA degrees in BC",https://tru.ca/gaglardi/students/distance-education.html,CATEGORY_PAGE,Business Programs by Distance | TRU Gaglardi School of Business and Economics,4,0
"Describe the benefits of an online BBA degree, then suggest and compare the best BBA degrees in BC",https://tru.ca/truworld/future-students/programs/distance-education.html,CATEGORY_PAGE,Distance and Online Education,4,0
"Describe the benefits of an online BBA degree, then suggest and compare the best BBA degrees in BC",https://yorkvilleu.ca/programs/bachelor-of-business-administration-online/general,PRODUCT_PAGE,BBA General Online Degree | Bachelor of Business | Yorkville University,4,0
Explain to me the benefits of an M.Ed degree in Canada and suggest a few affordable and potentially online M.Ed degrees in Canada.,https://reddit.com/r/CanadianTeachers/comments/1m5lbcy/looking_for_recommendations_on_online_master_of,DISCUSSION,Looking for recommendations on online Master of Education programs in Canada,14,0.928571429
Explain to me the benefits of an M.Ed degree in Canada and suggest a few affordable and potentially online M.Ed degrees in Canada.,https://upgrad.com/ca/blog/master-of-education-worth-canada-salary-career-benefits,ARTICLE,Is a Master's in Education Worth It in Canada? Key Facts,14,0.642857143
Explain to me the benefits of an M.Ed degree in Canada and suggest a few affordable and potentially online M.Ed degrees in Canada.,https://upgrad.com/ca/blog/online-master-of-education-in-canada-worth-it,COMPARISON,Is an Online Master of Education in Canada Worth It in 2026?,10,0.6
Explain to me the benefits of an M.Ed degree in Canada and suggest a few affordable and potentially online M.Ed degrees in Canada.,https://upgrad.com/ca/blog/med-full-form-courses-subjects-canada,ARTICLE,"M.Ed. Full Form: Courses, Subjects &amp; Top Universities in Canada",9,0
Explain to me the benefits of an M.Ed degree in Canada and suggest a few affordable and potentially online M.Ed degrees in Canada.,https://athabascau.ca,HOMEPAGE,Athabasca University,8,0.375
Explain to me the benefits of an M.Ed degree in Canada and suggest a few affordable and potentially online M.Ed degrees in Canada.,https://bestcollegesonline.org/most-affordable/online-masters-education,LISTICLE,Top 50 Most Affordable Online M.Ed. Programs,7,0
Explain to me the benefits of an M.Ed degree in Canada and suggest a few affordable and potentially online M.Ed degrees in Canada.,https://mastersportal.com/search/master/affordable/online/education,CATEGORY_PAGE,58 Online Master's degrees in Education \| Mastersportal,7,0
Explain to me the benefits of an M.Ed degree in Canada and suggest a few affordable and potentially online M.Ed degrees in Canada.,https://reddit.com/r/CanadianTeachers/comments/1533q2f/masters_of_education,DISCUSSION,Masters of education,7,0
Explain to me the benefits of an M.Ed degree in Canada and suggest a few affordable and potentially online M.Ed degrees in Canada.,https://reddit.com/r/TEFL/comments/9hw1hl/what_sort_of_opportunities_would_an_online_med,DISCUSSION,What sort of opportunities would an online M.Ed give me?,7,0
Explain to me the benefits of an M.Ed degree in Canada and suggest a few affordable and potentially online M.Ed degrees in Canada.,https://brocku.ca/education/programs/graduate-programs/master-of-education,PRODUCT_PAGE,Master of Education (MEd) – Faculty of Education,6,0.333333333
Explain to me the benefits of an M.Ed degree in Canada and suggest a few affordable and potentially online M.Ed degrees in Canada.,https://mastersportal.com/countries/degrees/537788424/master-of-education-in-canada.html,CATEGORY_PAGE,Your guide to a Master of Education in Canada \| Mastersportal,6,0
Explain to me the benefits of an M.Ed degree in Canada and suggest a few affordable and potentially online M.Ed degrees in Canada.,https://uwindsor.ca/education/masters/med-online,CATEGORY_PAGE,Complete your M.Ed. entirely online.,6,1.166666667
Explain to me the benefits of an M.Ed degree in Canada and suggest a few affordable and potentially online M.Ed degrees in Canada.,https://collegedunia.com/canada/med-education-universities,CATEGORY_PAGE,"Top M.Ed in Education Colleges &amp; Universities in Canada in 2026 - Fees, Rankings &amp; Eligibility",5,0
Explain to me the benefits of an M.Ed degree in Canada and suggest a few affordable and potentially online M.Ed degrees in Canada.,https://educ.queensu.ca/graduate/online/pme,PRODUCT_PAGE,Professional Master of Education (PME),5,0.6
Explain to me the benefits of an M.Ed degree in Canada and suggest a few affordable and potentially online M.Ed degrees in Canada.,https://gradstudies.ontariotechu.ca/future_students/programs/masters_programs/education_med/index.php,PRODUCT_PAGE,Education (MEd) - Online program,5,0.6
Explain to me the benefits of an M.Ed degree in Canada and suggest a few affordable and potentially online M.Ed degrees in Canada.,https://athabascau.ca/humanities-and-social-sciences/programs/master-of-education-in-distance-education/index.html,PRODUCT_PAGE,Athabasca University,5,1.4
Explain to me the benefits of an M.Ed degree in Canada and suggest a few affordable and potentially online M.Ed degrees in Canada.,https://athabascau.ca/programs/summary/master-of-education-in-open-digital-distance-education.html,PRODUCT_PAGE,"Master of Education – Open, Digital, and Distance Education | Athabasca University",5,0.8
Explain to me the benefits of an M.Ed degree in Canada and suggest a few affordable and potentially online M.Ed degrees in Canada.,https://coursecompare.ca/best-online-master-of-education-programs-in-canada,LISTICLE,Best Online Master of Education Programs in Canada 2026 | CourseCompare.ca,5,1.4
Explain to me the benefits of an M.Ed degree in Canada and suggest a few affordable and potentially online M.Ed degrees in Canada.,https://reddit.com/r/CanadianTeachers/comments/155abwh/is_it_a_good_idea_to_pursue_a_med,DISCUSSION,Is it a good idea to pursue a M.Ed?,5,0
Explain to me the benefits of an M.Ed degree in Canada and suggest a few affordable and potentially online M.Ed degrees in Canada.,https://redeemer.ca/programs/master-of-education,PRODUCT_PAGE,Master of Education (MEd) Degree in Ontario | Redeemer University,5,0
Explain to me the benefits of an M.Ed degree in Canada and suggest a few affordable and potentially online M.Ed degrees in Canada.,https://upgrad.com/ca/blog/online-med-and-edd-programs-in-canada,OTHER,Online MEd &amp; EdD Programs in Canada | Apply Now,5,1.6
Explain to me the benefits of an M.Ed degree in Canada and suggest a few affordable and potentially online M.Ed degrees in Canada.,https://yorkvilleu.ca/blog/what-can-you-do-with-a-master-of-education-degree,ARTICLE,What Can You Do with a Master of Education Degree (M.Ed.)?,5,0.8
Explain to me the benefits of an M.Ed degree in Canada and suggest a few affordable and potentially online M.Ed degrees in Canada.,https://yorkvilleu.ca/programs/med-in-educational-leadership,PRODUCT_PAGE,Master of Educational Leadership | MEd Online Degree | Yorkville University,5,0
Explain to me the benefits of an M.Ed degree in Canada and suggest a few affordable and potentially online M.Ed degrees in Canada.,https://ca.indeed.com/career-advice/career-development/online-masters-programs-canada,LISTICLE,10 Online Master's Programs in Canada (Benefits and FAQ) \| Indeed.com Canada,4,0
Explain to me the benefits of an M.Ed degree in Canada and suggest a few affordable and potentially online M.Ed degrees in Canada.,https://coursecompare.ca/best-online-universities-canada,LISTICLE,Best Online Universities in Canada of 2026 | CourseCompare.ca,4,0.25
Explain to me the benefits of an M.Ed degree in Canada and suggest a few affordable and potentially online M.Ed degrees in Canada.,https://nipissingu.ca/academics/school-graduate-studies/master-ed,PROFILE,Master of Education,4,0
Explain to me the benefits of an M.Ed degree in Canada and suggest a few affordable and potentially online M.Ed degrees in Canada.,https://oise.utoronto.ca/home/ctl/masters-degrees/master-education-field-online-teaching-and-learning-curriculum-pedagogy,OTHER,Master of Education Field in Online Teaching &amp; Learning (Curriculum &amp; Pedagogy) | Ontario Institute for Studies in Education,4,0
Explain to me the benefits of an M.Ed degree in Canada and suggest a few affordable and potentially online M.Ed degrees in Canada.,https://oise.utoronto.ca/lhae/masters-degrees/master-education-adult-education-community-development,PRODUCT_PAGE,Master of Education in Adult Education & Community Development | Ontario Institute for Studies in Education,4,0
Explain to me the benefits of an M.Ed degree in Canada and suggest a few affordable and potentially online M.Ed degrees in Canada.,https://trentu.ca/education/programs/master-education,PRODUCT_PAGE,Master of Education - School of Education,4,0
Explain to me the benefits of an M.Ed degree in Canada and suggest a few affordable and potentially online M.Ed degrees in Canada.,https://upgrad.com/ca/blog?p=3475,COMPARISON,Is an Online Master of Education in Canada Worth It in 2026?,4,0.5
"How can I become a therapist in Canada? I want to know the schools to go to, how long the programs are, and what my job prospects are when I'm done the program.",https://yorkvilleu.ca/blog/how-to-become-a-therapist-in-canada,HOW_TO_GUIDE,How to Become a Therapist in Canada: Step-by-Step Guide,12,1.083333333
"How can I become a therapist in Canada? I want to know the schools to go to, how long the programs are, and what my job prospects are when I'm done the program.",https://nofearcounselling.com/become-a-psychotherapist-in-canada,HOW_TO_GUIDE,How to Become a Psychotherapist in Canada | Step by Step Guide,11,1
"How can I become a therapist in Canada? I want to know the schools to go to, how long the programs are, and what my job prospects are when I'm done the program.",https://cpa.ca/students/career/becomingapsychologist,HOW_TO_GUIDE,Becoming a Psychologist - Canadian Psychological Association,10,0.1
"How can I become a therapist in Canada? I want to know the schools to go to, how long the programs are, and what my job prospects are when I'm done the program.",https://mswhelper.com/blog/how-to-become-a-therapist-in-canada,COMPARISON,How to Become a Therapist in Canada: A Comprehensive Guide,10,1.3
"How can I become a therapist in Canada? I want to know the schools to go to, how long the programs are, and what my job prospects are when I'm done the program.",https://ca.indeed.com/career-advice/career-development/how-to-become-a-therapist,HOW_TO_GUIDE,How to Become a Therapist (Detailed Guide and Salaries) \| Indeed.com Canada,9,0.888888889
"How can I become a therapist in Canada? I want to know the schools to go to, how long the programs are, and what my job prospects are when I'm done the program.",https://utsc.utoronto.ca/aacc/counselling-and-psychotherapy,HOW_TO_GUIDE,Counselling and Psychotherapy | Academic Advising & Career Centre,9,1.111111111
"How can I become a therapist in Canada? I want to know the schools to go to, how long the programs are, and what my job prospects are when I'm done the program.",https://crpo.ca/apply-to-crpo/how-to-apply/recognized-non-recognized-programs,HOW_TO_GUIDE,Recognized/Non-recognized Programs - CRPO,8,0.5
"How can I become a therapist in Canada? I want to know the schools to go to, how long the programs are, and what my job prospects are when I'm done the program.",https://jobbank.gc.ca/marketreport/requirements/2234/ca,PRODUCT_PAGE,Psychotherapist in Canada | Job requirements - Job Bank,7,0.857142857
"How can I become a therapist in Canada? I want to know the schools to go to, how long the programs are, and what my job prospects are when I'm done the program.",https://workbc.ca/career-profiles/therapists-counselling-and-related-specialized-therapies,PROFILE,Therapists in counselling and related specialized therapies | WorkBC,7,0.714285714
"How can I become a therapist in Canada? I want to know the schools to go to, how long the programs are, and what my job prospects are when I'm done the program.",https://ca.indeed.com/career-advice/finding-a-job/how-to-become-psychotherapist,HOW_TO_GUIDE,How to Become a Psychotherapist \| Indeed.com Canada,6,0
"How can I become a therapist in Canada? I want to know the schools to go to, how long the programs are, and what my job prospects are when I'm done the program.",https://kmatherapy.com/blog/therapist,LISTICLE,So You Want to Become a Therapist?,6,0
"How can I become a therapist in Canada? I want to know the schools to go to, how long the programs are, and what my job prospects are when I'm done the program.",https://nt.jobbank.gc.ca/marketreport/requirements/2224/ca,PRODUCT_PAGE,Counselling Psychologist in Canada | Job requirements - Job Bank,6,0
"How can I become a therapist in Canada? I want to know the schools to go to, how long the programs are, and what my job prospects are when I'm done the program.",https://yorkvilleu.ca/programs/master-of-arts-in-counselling-psychology,PRODUCT_PAGE,Master of Arts in Counselling Psychology | Yorkville University,6,0.833333333
"How can I become a therapist in Canada? I want to know the schools to go to, how long the programs are, and what my job prospects are when I'm done the program.",https://coursecompare.ca/best-masters-in-counselling-psychology,LISTICLE,Best Master’s in Counselling Psychology in Canada of 2026 | CourseCompare.ca,5,1.2
"How can I become a therapist in Canada? I want to know the schools to go to, how long the programs are, and what my job prospects are when I'm done the program.",https://jobbank.gc.ca/marketreport/outlook-occupation/2234/ca,PROFILE,Psychotherapist in Canada | Job prospects - Job Bank,5,0.6
"How can I become a therapist in Canada? I want to know the schools to go to, how long the programs are, and what my job prospects are when I'm done the program.",https://upstreamcounselling.com/blog/a-step-by-step-guide-on-how-to-become-a-therapist-in-canada,HOW_TO_GUIDE,A Step-by-Step Guide on How to Become a Therapist in Canada,5,0.4
"How can I become a therapist in Canada? I want to know the schools to go to, how long the programs are, and what my job prospects are when I'm done the program.",https://familytlc.ca/counselling/how-to-become-a-therapist-in-canada,HOW_TO_GUIDE,How to Become a Therapist in Canada: A Step-by-Step Guide,4,0.75
"How can I become a therapist in Canada? I want to know the schools to go to, how long the programs are, and what my job prospects are when I'm done the program.",https://ccpa-accp.ca/membership/students/graduate-programs/canadian-graduate-programs,CATEGORY_PAGE,Canadian Graduate Programs - Canadian Counselling and Psychotherapy Association,4,0.25
"How can I become a therapist in Canada? I want to know the schools to go to, how long the programs are, and what my job prospects are when I'm done the program.",https://facebook.com/YorkvilleUniversity/posts/canadas-mental-health-workforce-is-in-high-demand-and-a-career-as-a-therapist-of/1309901087843341,DISCUSSION,Canada’s mental health workforce is... - Yorkville University,4,0
"How can I become a therapist in Canada? I want to know the schools to go to, how long the programs are, and what my job prospects are when I'm done the program.",https://jobbank.gc.ca/marketreport/requirements/2234/ca%3Bjsessionid%3D06C8848D3AE4ADB824635F2D3AE16F7C.jobsearch75,PRODUCT_PAGE,Psychotherapist in Canada | Job requirements - Job Bank,4,0
"How can I become a therapist in Canada? I want to know the schools to go to, how long the programs are, and what my job prospects are when I'm done the program.",https://jobbank.gc.ca/outlookreport/occupation/2270,OTHER,Job outlooks for Therapists in counselling and related specialized therapies,4,0.75
"How can I become a therapist in Canada? I want to know the schools to go to, how long the programs are, and what my job prospects are when I'm done the program.",https://jobbank.gc.ca/outlookreport/occupation/2276,CATEGORY_PAGE,Job outlooks for Therapists in counselling and related specialized therapies - Job Bank,4,0
"How can I become a therapist in Canada? I want to know the schools to go to, how long the programs are, and what my job prospects are when I'm done the program.",https://reddit.com/r/college/comments/1awkern/i_want_to_become_a_therapist_dont_know_where_to,DISCUSSION,"I want to become a therapist, don’t know where to start.",4,0
"How can I become a therapist in Canada? I want to know the schools to go to, how long the programs are, and what my job prospects are when I'm done the program.",https://therapyroute.com/article/academic-credentials-for-mental-health-professionals-in-canada-by-therapyroute,ARTICLE,Academic Credentials for Mental Health Professionals in Canada | TherapyRoute,4,0
"How can I become a therapist in Canada? I want to know the schools to go to, how long the programs are, and what my job prospects are when I'm done the program.",https://youtube.com/watch?v=4KiuTtxvbTs,PRODUCT_PAGE,How to Become a Therapist in Canada 🇨🇦 | MACP Program | Yorkville University,4,0
"How can I become a therapist in Canada? I want to know the schools to go to, how long the programs are, and what my job prospects are when I'm done the program.",https://ca.indeed.com/career-advice/career-development/how-to-become-mental-health-counsellor,HOW_TO_GUIDE,How to Become a Mental Health Counsellor (With Steps) \| Indeed.com Canada,3,1
"How can I become a therapist in Canada? I want to know the schools to go to, how long the programs are, and what my job prospects are when I'm done the program.",https://canadacareercounselling.com/so-you-want-to-work-in-mental-health,COMPARISON,"So, You Want to Work in Mental Health? - Canada Career Counselling",3,0
"How can I become a therapist in Canada? I want to know the schools to go to, how long the programs are, and what my job prospects are when I'm done the program.",https://snhhealthcare.com/what-is-the-duration-of-the-physiotherapy-course.html,OTHER,null,3,0
"How can I become a therapist in Canada? I want to know the schools to go to, how long the programs are, and what my job prospects are when I'm done the program.",https://mswhelper.com/blog/counselling-psychology-programs-in-canada,LISTICLE,Best Counselling Psychology Programs in Canada (List),3,2
"How can I become a therapist in Canada? I want to know the schools to go to, how long the programs are, and what my job prospects are when I'm done the program.",https://on.jobbank.gc.ca/marketreport/requirements/2224/ca,PRODUCT_PAGE,Counselling Psychologist in Canada | Job requirements - Job Bank,3,0.666666667
I am a full-time highschool teacher and I want to become a principal at my school after the current principal leaves in a few years. Where can I get a masters degree to help me get this job in the meantime? I live in Canada,https://ontario.ca/page/become-principal,HOW_TO_GUIDE,Become a principal,15,1.666666667
I am a full-time highschool teacher and I want to become a principal at my school after the current principal leaves in a few years. Where can I get a masters degree to help me get this job in the meantime? I live in Canada,https://oise.utoronto.ca/lhae/masters-degrees/master-education-educational-leadership-policy,PRODUCT_PAGE,Master of Education in Educational Leadership &amp; Policy | Ontario Institute for Studies in Education,13,1.307692308
I am a full-time highschool teacher and I want to become a principal at my school after the current principal leaves in a few years. Where can I get a masters degree to help me get this job in the meantime? I live in Canada,https://edu.uwo.ca/graduate-education/mped/educational-leadership.html,PRODUCT_PAGE,MPEd | Field of Educational Leadership,10,1.1
I am a full-time highschool teacher and I want to become a principal at my school after the current principal leaves in a few years. Where can I get a masters degree to help me get this job in the meantime? I live in Canada,https://viu.ca/programs/education/master-education-educational-leadership,PRODUCT_PAGE,Master of Education in Educational Leadership | Vancouver Island University | Canada,8,1.25
I am a full-time highschool teacher and I want to become a principal at my school after the current principal leaves in a few years. Where can I get a masters degree to help me get this job in the meantime? I live in Canada,https://ca.indeed.com/career-advice/finding-a-job/how-to-become-principal-ontario,HOW_TO_GUIDE,How to Become a Principal in Ontario in 5 Steps (With FAQs) \| Indeed.com Canada,7,0.285714286
I am a full-time highschool teacher and I want to become a principal at my school after the current principal leaves in a few years. Where can I get a masters degree to help me get this job in the meantime? I live in Canada,https://yorkvilleu.ca/programs/med-in-educational-leadership,PRODUCT_PAGE,Master of Educational Leadership | MEd Online Degree | Yorkville University,7,0.571428571
I am a full-time highschool teacher and I want to become a principal at my school after the current principal leaves in a few years. Where can I get a masters degree to help me get this job in the meantime? I live in Canada,https://niagarau.ca/academics/ms-in-educational-leadership,PRODUCT_PAGE,MS in Educational Leadership - Niagara University in Ontario,6,0.166666667
I am a full-time highschool teacher and I want to become a principal at my school after the current principal leaves in a few years. Where can I get a masters degree to help me get this job in the meantime? I live in Canada,https://ontario.niagara.edu/master-of-science-educational-leadership,PRODUCT_PAGE,Master of Science Educational Leadership  - Niagara University Ontario,6,0.833333333
I am a full-time highschool teacher and I want to become a principal at my school after the current principal leaves in a few years. Where can I get a masters degree to help me get this job in the meantime? I live in Canada,https://oise.utoronto.ca/lhae/masters-degrees/master-arts-educational-leadership-policy,PRODUCT_PAGE,Master of Arts in Educational Leadership & Policy | Ontario Institute for Studies in Education,6,0
I am a full-time highschool teacher and I want to become a principal at my school after the current principal leaves in a few years. Where can I get a masters degree to help me get this job in the meantime? I live in Canada,https://oise.utoronto.ca/lhae/masters-degrees/master-education-educational-leadership-policy-onlinehybrid-cohort,PRODUCT_PAGE,Master of Education in Educational Leadership & Policy (Online/Hybrid Cohort) | Ontario Institute for Studies in Education,6,0.333333333
I am a full-time highschool teacher and I want to become a principal at my school after the current principal leaves in a few years. Where can I get a masters degree to help me get this job in the meantime? I live in Canada,https://yorkvilleu.ca/programs/med-in-educational-leadership/educational-administration,PRODUCT_PAGE,MEd Online Degree | K-12 Educational Leadership | Yorkville University,6,0.333333333
I am a full-time highschool teacher and I want to become a principal at my school after the current principal leaves in a few years. Where can I get a masters degree to help me get this job in the meantime? I live in Canada,https://jobbank.gc.ca/marketreport/requirements/1737/ca;jsessionid=F53D5D382524DEDEBD33667AB0BE5B08.jobsearch76,PRODUCT_PAGE,School Principal in Canada | Job requirements - Job Bank,5,1
I am a full-time highschool teacher and I want to become a principal at my school after the current principal leaves in a few years. Where can I get a masters degree to help me get this job in the meantime? I live in Canada,https://mcgill.ca/education/programs/masters/master-arts-programs/master-arts-educational-leadership,CATEGORY_PAGE,Master of Arts Educational Leadership,5,1.6
I am a full-time highschool teacher and I want to become a principal at my school after the current principal leaves in a few years. Where can I get a masters degree to help me get this job in the meantime? I live in Canada,https://bcscholarships.ca/wages/career-education/1163/how-to-become-a-school-principal,HOW_TO_GUIDE,How to Become a School Principal,4,0.5
I am a full-time highschool teacher and I want to become a principal at my school after the current principal leaves in a few years. Where can I get a masters degree to help me get this job in the meantime? I live in Canada,https://cpl.oise.utoronto.ca/program_certificate/principals-qualification-program,CATEGORY_PAGE,Principal's Qualification Program - OISE Continuing and Professional Learning,4,0.5
I am a full-time highschool teacher and I want to become a principal at my school after the current principal leaves in a few years. Where can I get a masters degree to help me get this job in the meantime? I live in Canada,https://edst.educ.ubc.ca/programs/educational-administration-leadership,CATEGORY_PAGE,Educational Administration and Leadership (EDAL) - Department of Educational Studies,4,1
I am a full-time highschool teacher and I want to become a principal at my school after the current principal leaves in a few years. Where can I get a masters degree to help me get this job in the meantime? I live in Canada,https://educ.ubc.ca/master-of-education-educational-administration-leadership-med,CATEGORY_PAGE,Master of Education (MEd) – Educational Administration & Leadership,4,0.75
I am a full-time highschool teacher and I want to become a principal at my school after the current principal leaves in a few years. Where can I get a masters degree to help me get this job in the meantime? I live in Canada,https://reddit.com/r/CanadianTeachers/comments/hfbvpf/quickest_path_to_become_a_vice_principal_principal,DISCUSSION,Quickest path to become a vice principal / principal ?,4,0
I am a full-time highschool teacher and I want to become a principal at my school after the current principal leaves in a few years. Where can I get a masters degree to help me get this job in the meantime? I live in Canada,https://reddit.com/r/college/comments/13r61rx/do_i_need_a_masters_for_a_school_principal,DISCUSSION,Do I need a masters for a school principal?,4,0
I am a full-time highschool teacher and I want to become a principal at my school after the current principal leaves in a few years. Where can I get a masters degree to help me get this job in the meantime? I live in Canada,https://sfu.ca/education/programs/graduate-studies/areas-of-study/edu-leader.html,CATEGORY_PAGE,Educational Leadership,4,1.75
I am a full-time highschool teacher and I want to become a principal at my school after the current principal leaves in a few years. Where can I get a masters degree to help me get this job in the meantime? I live in Canada,https://ufv.ca/school-of-education/programs/master-of-education,PRODUCT_PAGE,School of Education > Find your program > Master of Education — Educational Leadership and Mentorship,4,1.5
I am a full-time highschool teacher and I want to become a principal at my school after the current principal leaves in a few years. Where can I get a masters degree to help me get this job in the meantime? I live in Canada,https://grad.ubc.ca/prospective-students/graduate-degree-programs/master-of-education-educational-administration-leadership,CATEGORY_PAGE,Master of Education in Educational Administration and Leadership (MEd),3,0
I am a full-time highschool teacher and I want to become a principal at my school after the current principal leaves in a few years. Where can I get a masters degree to help me get this job in the meantime? I live in Canada,https://jobbank.gc.ca/marketreport/requirements/1737/ca;jsessionid=F53D5D382524DEDEBD33667AB0BE5B08.jobsearch76?wbdisable=false,PRODUCT_PAGE,School Principal in Canada | Job requirements - Job Bank,3,0.333333333
I am a full-time highschool teacher and I want to become a principal at my school after the current principal leaves in a few years. Where can I get a masters degree to help me get this job in the meantime? I live in Canada,https://masters-degree-in-education.org/faq/do-i-need-a-masters-degree-to-become-a-school-principal,OTHER,null,3,0.333333333
I am a full-time highschool teacher and I want to become a principal at my school after the current principal leaves in a few years. Where can I get a masters degree to help me get this job in the meantime? I live in Canada,https://oct.ca/en-ca/for-members/additional-qualifications/schedules-and-guidelines/principals-qualification-program,PRODUCT_PAGE,Principal's Qualification Program | Ontario College of Teachers,3,1.666666667
I am a full-time highschool teacher and I want to become a principal at my school after the current principal leaves in a few years. Where can I get a masters degree to help me get this job in the meantime? I live in Canada,https://oise.utoronto.ca/lhae/master-education-educational-leadership-policy-school-leadership-diverse-contexts-field,PRODUCT_PAGE,Master of Education in Educational Leadership & Policy (School Leadership in Diverse Contexts Field)) | Ontario Institute for Studies in Education,3,0
I am a full-time highschool teacher and I want to become a principal at my school after the current principal leaves in a few years. Where can I get a masters degree to help me get this job in the meantime? I live in Canada,https://on.jobbank.gc.ca/marketreport/requirements/1737/ca;jsessionid=91E242B5F22C6C16F8C54F2B3382DF00.jobsearch77,PRODUCT_PAGE,School Principal in Canada | Job requirements - Job Bank,3,1
I am a full-time highschool teacher and I want to become a principal at my school after the current principal leaves in a few years. Where can I get a masters degree to help me get this job in the meantime? I live in Canada,https://ottawa.edu/academics/degree-programs/graduate/school-leadership,OTHER,| Degree Program | Ottawa University,3,0.333333333
I am a full-time highschool teacher and I want to become a principal at my school after the current principal leaves in a few years. Where can I get a masters degree to help me get this job in the meantime? I live in Canada,https://principals.ca/en/professional-learning/moving-toward-a-masters.aspx?_mid_=706,CATEGORY_PAGE,null,3,0.666666667
I am a full-time highschool teacher and I want to become a principal at my school after the current principal leaves in a few years. Where can I get a masters degree to help me get this job in the meantime? I live in Canada,https://principals.ca/en/professional-learning/moving-toward-a-masters.aspx?_mid_=728,CATEGORY_PAGE,null,3,2
"I have $50,000 to spend on an education to earn a doctorate in counselling so I can advance my therapist career. This would have to be supplemented by government student loans. Where should I spend it?",https://grad.ubc.ca/prospective-students/graduate-degree-programs/phd-counselling-psychology,CATEGORY_PAGE,Doctor of Philosophy in Counselling Psychology (PhD),9,1.777777778
"I have $50,000 to spend on an education to earn a doctorate in counselling so I can advance my therapist career. This would have to be supplemented by government student loans. Where should I spend it?",https://oise.utoronto.ca/programs/program-finder/phd-counselling-clinical-psychology,CATEGORY_PAGE,PhD in Counselling & Clinical Psychology | Ontario Institute for Studies in Education,9,0.222222222
"I have $50,000 to spend on an education to earn a doctorate in counselling so I can advance my therapist career. This would have to be supplemented by government student loans. Where should I spend it?",https://yorkvilleu.ca/programs/doctor-of-counselling-and-psychotherapy-degree,PRODUCT_PAGE,Doctor of Counselling and Psychotherapy | Yorkville University,8,0.625
"I have $50,000 to spend on an education to earn a doctorate in counselling so I can advance my therapist career. This would have to be supplemented by government student loans. Where should I spend it?",https://counselingpsychology.org/counseling/degrees/doctorate,OTHER,Best Online Ph.D. in Counseling Programs for 2026,6,1.5
"I have $50,000 to spend on an education to earn a doctorate in counselling so I can advance my therapist career. This would have to be supplemented by government student loans. Where should I spend it?",https://mcgill.ca/education/programs/doctoral/phd-counselling-psychology,PRODUCT_PAGE,Ph.D.&nbsp;Counselling Psychology | Faculty of Education - McGill University,6,0.333333333
"I have $50,000 to spend on an education to earn a doctorate in counselling so I can advance my therapist career. This would have to be supplemented by government student loans. Where should I spend it?",https://apa.org/gradpsych/2013/01/funding,ARTICLE,When funding dries up,5,0.2
"I have $50,000 to spend on an education to earn a doctorate in counselling so I can advance my therapist career. This would have to be supplemented by government student loans. Where should I spend it?",https://youtube.com/watch?v=nA_1CK4qZkE,HOW_TO_GUIDE,How I fund a Doctorate in Counselling Psychology (UK),5,0
"I have $50,000 to spend on an education to earn a doctorate in counselling so I can advance my therapist career. This would have to be supplemented by government student loans. Where should I spend it?",https://sgs.calendar.utoronto.ca/aphd-counselling-and-clinical-psychology-phd-field-clinical-and-counselling-psychology,PRODUCT_PAGE,APHD: Counselling and Clinical Psychology PhD; Field: Clinical and Counselling Psychology | School of Graduate Studies (SGS) Calendar,4,0
"I have $50,000 to spend on an education to earn a doctorate in counselling so I can advance my therapist career. This would have to be supplemented by government student loans. Where should I spend it?",https://werklund.ucalgary.ca/graduate-programs/current-students/programs/doctoral-programs/phd-counselling-psychology,PRODUCT_PAGE,PhD in Counselling Psychology | Graduate Programs in Education | Werklund School of Education | University of Calgary,4,0
"I have $50,000 to spend on an education to earn a doctorate in counselling so I can advance my therapist career. This would have to be supplemented by government student loans. Where should I spend it?",https://canada.ca/en/services/benefits/education/student-aid/grants-loans.html,ARTICLE,Canada Student Grants and Loans - Canada.ca,4,1
"I have $50,000 to spend on an education to earn a doctorate in counselling so I can advance my therapist career. This would have to be supplemented by government student loans. Where should I spend it?",https://youtube.com/watch?v=nA_1CK4qZkE&vl=en,HOW_TO_GUIDE,How I fund a Doctorate in Counselling Psychology (UK),4,0
"I have $50,000 to spend on an education to earn a doctorate in counselling so I can advance my therapist career. This would have to be supplemented by government student loans. Where should I spend it?",https://youtube.com/watch?v=tNm5fr7rs7E,PRODUCT_PAGE,Online Doctor of Counselling and Psychotherapy | Yorkville University,4,0
"I have $50,000 to spend on an education to earn a doctorate in counselling so I can advance my therapist career. This would have to be supplemented by government student loans. Where should I spend it?",https://careersinpsychology.org/clinical-psychology-phd-fully-funded-programs,LISTICLE,Clinical Psychology PhD Fully Funded Programs 2026,3,0
"I have $50,000 to spend on an education to earn a doctorate in counselling so I can advance my therapist career. This would have to be supplemented by government student loans. Where should I spend it?",https://counselingdegreesonline.org/programs/doctorate/cheapest-online-phd-counseling,LISTICLE,Some of the Top Affordable Online PhD in Counseling Programs for 2025 - Counseling Degrees Online,3,0
"I have $50,000 to spend on an education to earn a doctorate in counselling so I can advance my therapist career. This would have to be supplemented by government student loans. Where should I spend it?",https://counselingpsychology.org/psychology/degrees/counseling-psychology/doctorate,OTHER,Best Ph.D. and PsyD in Counseling Psychology Programs (2026),3,0.333333333
"I have $50,000 to spend on an education to earn a doctorate in counselling so I can advance my therapist career. This would have to be supplemented by government student loans. Where should I spend it?",https://mcgill.ca/edu-ecp/node/82,PRODUCT_PAGE,PhD in Counselling Psychology,3,0
"I have $50,000 to spend on an education to earn a doctorate in counselling so I can advance my therapist career. This would have to be supplemented by government student loans. Where should I spend it?",https://mcgill.ca/edu-ecp/programs/counsellingpsych/phd,PRODUCT_PAGE,PhD in Counselling Psychology | Educational &amp; Counselling Psychology - McGill University,3,0.666666667
"I have $50,000 to spend on an education to earn a doctorate in counselling so I can advance my therapist career. This would have to be supplemented by government student loans. Where should I spend it?",https://mcgill.ca/edu-ecp/programs/counsellingpsych/phd/details,PROFILE,PhD in Counselling Psychology details & program outcomes,3,0.666666667
"I have $50,000 to spend on an education to earn a doctorate in counselling so I can advance my therapist career. This would have to be supplemented by government student loans. Where should I spend it?",https://oise.utoronto.ca/aphd/programs/doctor-philosophy-counselling-clinical-psychology-clinical-counselling,PRODUCT_PAGE,Doctor of Philosophy in Counselling & Clinical Psychology (Clinical & Counselling Psychology Field) | Ontario Institute for Studies in Education,3,0.666666667
"I have $50,000 to spend on an education to earn a doctorate in counselling so I can advance my therapist career. This would have to be supplemented by government student loans. Where should I spend it?",https://onlineu.com/most-affordable-colleges/counseling-doctoral-degrees,LISTICLE,2026 Most Affordable Online PhDs in Counseling,3,0
"I have $50,000 to spend on an education to earn a doctorate in counselling so I can advance my therapist career. This would have to be supplemented by government student loans. Where should I spend it?",https://oxfordedu.ca/want-to-attend-career-college-here-are-5-tips-for-funding-your-education,LISTICLE,Want to Attend Career College? Here Are 5 Tips for Funding Your Education - Oxford College,3,0
"I have $50,000 to spend on an education to earn a doctorate in counselling so I can advance my therapist career. This would have to be supplemented by government student loans. Where should I spend it?",https://reddit.com/r/PersonalFinanceCanada/comments/qzptqo/can_i_afford_to_go_to_university,DISCUSSION,Can I Afford to Go to University?,3,0
"I have $50,000 to spend on an education to earn a doctorate in counselling so I can advance my therapist career. This would have to be supplemented by government student loans. Where should I spend it?",https://reddit.com/r/StudentLoans/comments/1gbdqy6/100k_in_student_loan_debt_if_i_pursue_counseling,DISCUSSION,100k in student loan debt if I pursue Counseling MS,3,0
"I have $50,000 to spend on an education to earn a doctorate in counselling so I can advance my therapist career. This would have to be supplemented by government student loans. Where should I spend it?",https://ualberta.ca/en/education/programs/graduate-programs/counselling-psychology.html,PRODUCT_PAGE,Counselling Psychology,3,0.666666667
"I have $50,000 to spend on an education to earn a doctorate in counselling so I can advance my therapist career. This would have to be supplemented by government student loans. Where should I spend it?",https://adler.ca/doctor-of-psychology-psyd,PRODUCT_PAGE,Doctor of Psychology (PsyD) – Adler Graduate Professional School,2,0
"I have $50,000 to spend on an education to earn a doctorate in counselling so I can advance my therapist career. This would have to be supplemented by government student loans. Where should I spend it?",https://cpa.ca/accreditation/cpaaccreditedprograms,CATEGORY_PAGE,CPA Accredited Programs - Canadian Psychological Association,2,1.5
"I have $50,000 to spend on an education to earn a doctorate in counselling so I can advance my therapist career. This would have to be supplemented by government student loans. Where should I spend it?",https://drjosephhammer.com/psych-grad-school/best-doctoral-programs-in-counseling-psychology,LISTICLE,Best Doctoral Programs in Counseling Psychology - Dr. Joseph H. Hammer,2,0
"I have $50,000 to spend on an education to earn a doctorate in counselling so I can advance my therapist career. This would have to be supplemented by government student loans. Where should I spend it?",https://education.umd.edu/academics/programs/doctoral/counseling-psychology-phd,OTHER,"Counseling Psychology, Ph.D. | UMD College of Education",2,1
"I have $50,000 to spend on an education to earn a doctorate in counselling so I can advance my therapist career. This would have to be supplemented by government student loans. Where should I spend it?",https://unischolars.com/universities/canada/ontario-institute-for-studies-in-education/courses/doctorate-counselling-psychotherapy,PROFILE,Doctorate in Counselling & Psychotherapy From Ontario Institute for Studies in Education,2,1
"I have $50,000 to spend on an education to earn a doctorate in counselling so I can advance my therapist career. This would have to be supplemented by government student loans. Where should I spend it?",https://werklund.ucalgary.ca/graduate-programs/future-students/programs/doctoral/counselling,PRODUCT_PAGE,PhD in Counselling Psychology - Future \| Graduate Programs in Education \| Werklund School of Education \| University of Calgary,2,1
"I just landed in Canada as an immigrant and want to get a business degree, but I need to work during the day. Are there any online programs that would be good for me?",https://coursecompare.ca/best-online-bba-bcom-programs-canada,LISTICLE,Best Online BBA and BCom Programs in Canada of 2026 | CourseCompare.ca,13,0.538461538
"I just landed in Canada as an immigrant and want to get a business degree, but I need to work during the day. Are there any online programs that would be good for me?",https://athabascau.ca/programs/summary/bachelor-of-commerce-general.html,PRODUCT_PAGE,"Bachelor of Commerce, BComm | Online learning | Athabasca University",8,0.625
"I just landed in Canada as an immigrant and want to get a business degree, but I need to work during the day. Are there any online programs that would be good for me?",https://athabascau.ca/programs/summary/bachelor-of-management-general.html,PRODUCT_PAGE,Bachelor of Management | Online business degree | Athabasca University,8,1.625
"I just landed in Canada as an immigrant and want to get a business degree, but I need to work during the day. Are there any online programs that would be good for me?",https://educanada.ca/study-plan-etudes/online-learning-enseignement-en-ligne.aspx?lang=eng,ARTICLE,Online and distance learning in Canada,8,0.375
"I just landed in Canada as an immigrant and want to get a business degree, but I need to work during the day. Are there any online programs that would be good for me?",https://yorkvilleu.ca/programs/bachelor-of-business-administration-online,PRODUCT_PAGE,Online Business Degree | Business Administration (BBA) | Yorkville University,8,0.75
"I just landed in Canada as an immigrant and want to get a business degree, but I need to work during the day. Are there any online programs that would be good for me?",https://coursecompare.ca/best-online-mba-canada,LISTICLE,Best Online MBA Programs in Canada of 2026 | CourseCompare.ca,6,0.333333333
"I just landed in Canada as an immigrant and want to get a business degree, but I need to work during the day. Are there any online programs that would be good for me?",https://canada.national.edu/programs/business-college-of-undergraduate-studies,OTHER,null,5,0
"I just landed in Canada as an immigrant and want to get a business degree, but I need to work during the day. Are there any online programs that would be good for me?",https://laurentian.ca/academics/program/bba-online,PRODUCT_PAGE,Business Administration (online BBA) | UG | Laurentian University,5,0.8
"I just landed in Canada as an immigrant and want to get a business degree, but I need to work during the day. Are there any online programs that would be good for me?",https://online.unb.ca/bachelor-of-applied-management,PRODUCT_PAGE,Online BAM | UNB Online,5,0.8
"I just landed in Canada as an immigrant and want to get a business degree, but I need to work during the day. Are there any online programs that would be good for me?",https://canada.ca/en/immigration-refugees-citizenship/services/study-canada/work/work-off-campus.html,HOW_TO_GUIDE,Work off campus as an international student - Canada.ca,5,0
"I just landed in Canada as an immigrant and want to get a business degree, but I need to work during the day. Are there any online programs that would be good for me?",https://educations.com/business-and-management/canada/ontario/toronto/distance-learning/part-time,CATEGORY_PAGE,31 Online Part time Business and Management Degree Programs in Toronto Ontario Canada - Study Abroad | educations.com,5,0
"I just landed in Canada as an immigrant and want to get a business degree, but I need to work during the day. Are there any online programs that would be good for me?",https://educations.com/business-studies/canada/distance-learning,CATEGORY_PAGE,110 Online Business and Management Degree Programs in Canada - Study Abroad | educations.com,5,0
"I just landed in Canada as an immigrant and want to get a business degree, but I need to work during the day. Are there any online programs that would be good for me?",https://georgebrown.ca/campaign/online-business-programs,OTHER,null,5,0
"I just landed in Canada as an immigrant and want to get a business degree, but I need to work during the day. Are there any online programs that would be good for me?",https://nexford.edu/online-degree-canada,CATEGORY_PAGE,Online Degree Canada - BBA and MBA Programs | Nexford,5,0
"I just landed in Canada as an immigrant and want to get a business degree, but I need to work during the day. Are there any online programs that would be good for me?",https://nipissingu.ca/academics/faculty-education-and-professional-studies/business/bcomm-distance,PRODUCT_PAGE,Bachelor of Commerce - Distance Learning,5,0.6
"I just landed in Canada as an immigrant and want to get a business degree, but I need to work during the day. Are there any online programs that would be good for me?",https://online.unb.ca,HOMEPAGE,University of New Brunswick Online,4,1.5
"I just landed in Canada as an immigrant and want to get a business degree, but I need to work during the day. Are there any online programs that would be good for me?",https://ufred.ca/business-programs/bba,PRODUCT_PAGE,Online BBA Canada | UFred,4,0.5
"I just landed in Canada as an immigrant and want to get a business degree, but I need to work during the day. Are there any online programs that would be good for me?",https://ufred.ca/online-degrees/online-bba,PRODUCT_PAGE,Online BBA Canada | UFred,4,1
"I just landed in Canada as an immigrant and want to get a business degree, but I need to work during the day. Are there any online programs that would be good for me?",https://athabascau.ca/business/programs/bachelor-of-commerce-general.html,PRODUCT_PAGE,Athabasca University,4,0.5
"I just landed in Canada as an immigrant and want to get a business degree, but I need to work during the day. Are there any online programs that would be good for me?",https://jobbank.gc.ca/findajob/newcomers,HOW_TO_GUIDE,Find a job in Canada as a newcomer - Job Bank,4,0.75
"I just landed in Canada as an immigrant and want to get a business degree, but I need to work during the day. Are there any online programs that would be good for me?",https://canadianimmigrant.ca/careers-and-education/learning-at-the-university-of-toronto-school-of-continuing-studies,ARTICLE,Learning at the University of Toronto School of Continuing Studies,3,0
"I just landed in Canada as an immigrant and want to get a business degree, but I need to work during the day. Are there any online programs that would be good for me?",https://laurentian.ca/program/bba-online,PRODUCT_PAGE,Business Administration (online BBA) | Laurentian University,3,2
"I just landed in Canada as an immigrant and want to get a business degree, but I need to work during the day. Are there any online programs that would be good for me?",https://laurentian.ca/programme/ADMQE/https//laurentianca/programme/ADMQE,OTHER,null,3,0
"I just landed in Canada as an immigrant and want to get a business degree, but I need to work during the day. Are there any online programs that would be good for me?",https://ufred.ca/programs/business/bba,OTHER,Online BBA Canada | UFred,3,0.666666667
"I just landed in Canada as an immigrant and want to get a business degree, but I need to work during the day. Are there any online programs that would be good for me?",https://aacsb.edu/accredited/a/athabasca-university,PROFILE,Athabasca University | AACSB Accredited,3,1.666666667
"I just landed in Canada as an immigrant and want to get a business degree, but I need to work during the day. Are there any online programs that would be good for me?",https://aib.edu.au/ca/programs/mba,PRODUCT_PAGE,Master of Business Administration,3,0
"I just landed in Canada as an immigrant and want to get a business degree, but I need to work during the day. Are there any online programs that would be good for me?",https://algonquincollege.com/online/areas-of-interest-details/business,CATEGORY_PAGE,Business,3,2.333333333
"I just landed in Canada as an immigrant and want to get a business degree, but I need to work during the day. Are there any online programs that would be good for me?",https://athabascau.ca/programs/summary/bachelor-of-commerce-in-accounting.html,PRODUCT_PAGE,"Bachelor of Commerce, Accounting Major | BComm Online | Athabasca University",3,0
"I just landed in Canada as an immigrant and want to get a business degree, but I need to work during the day. Are there any online programs that would be good for me?",https://educations.com/preparatory/business-management/canada/distance-learning,CATEGORY_PAGE,34 Online MBA and General Management Preparatory Programs in Canada - Study Abroad | educations.com,3,0
"I just landed in Canada as an immigrant and want to get a business degree, but I need to work during the day. Are there any online programs that would be good for me?",https://ucanwest.ca/programs/undergraduate/online-bachelor-of-commerce,PRODUCT_PAGE,Online Bachelor of Commerce Degree | University Canada West,3,0.333333333
"I want to become a therapist, but don't have a lot of money or time. How can I earn an accredited graduate degree at my own pace online. I live in Ontario",https://yorkvilleu.ca/programs/master-of-arts-in-counselling-psychology,PRODUCT_PAGE,Master of Arts in Counselling Psychology | Yorkville University,20,0.9
"I want to become a therapist, but don't have a lot of money or time. How can I earn an accredited graduate degree at my own pace online. I live in Ontario",https://athabascau.ca/programs/summary/master-of-counselling.html,PRODUCT_PAGE,Athabasca University,17,1.058823529
"I want to become a therapist, but don't have a lot of money or time. How can I earn an accredited graduate degree at my own pace online. I live in Ontario",https://cityuniversity.ca/virtual-mc,PRODUCT_PAGE,"Master of Counselling, Online Virtual Campus - CityU in Canada",11,0.363636364
"I want to become a therapist, but don't have a lot of money or time. How can I earn an accredited graduate degree at my own pace online. I live in Ontario",https://ccpa-accp.ca/membership/students/graduate-programs/canadian-graduate-programs,CATEGORY_PAGE,Canadian Graduate Programs - Canadian Counselling and Psychotherapy Association,7,0.142857143
"I want to become a therapist, but don't have a lot of money or time. How can I earn an accredited graduate degree at my own pace online. I live in Ontario",https://gradschools.com/programs/physical-occupational-therapy/occupational-therapy/online?in=ontario,CATEGORY_PAGE,Top in Ontario Occupational Therapy Online Degrees & Graduate Programs 2026+,7,0
"I want to become a therapist, but don't have a lot of money or time. How can I earn an accredited graduate degree at my own pace online. I live in Ontario",https://adler.ca/master-of-psychology,PRODUCT_PAGE,Master of Psychology (MPsy) – Adler Graduate Professional School,6,0.333333333
"I want to become a therapist, but don't have a lot of money or time. How can I earn an accredited graduate degree at my own pace online. I live in Ontario",https://oise.utoronto.ca/aphd/programs/master-education-counselling-psychology-counselling-psychotherapy-field,PRODUCT_PAGE,Master of Education in Counselling Psychology (Counselling &amp; Psychotherapy Field) | Ontario Institute for Studies in Education,6,0.666666667
"I want to become a therapist, but don't have a lot of money or time. How can I earn an accredited graduate degree at my own pace online. I live in Ontario",https://onlinestudies.com/courses/psychotherapy/canada/part-time,OTHER,null,6,0
"I want to become a therapist, but don't have a lot of money or time. How can I earn an accredited graduate degree at my own pace online. I live in Ontario",https://adler.ca/academic-calendar/academic-calendar/academic-programs/master-of-psychology-mpsy,PRODUCT_PAGE,Master of Psychology (MPSY) – Adler Graduate Professional School,5,0.8
"I want to become a therapist, but don't have a lot of money or time. How can I earn an accredited graduate degree at my own pace online. I live in Ontario",https://reddit.com/r/psychologystudents/comments/1h7h6pq/affordable_online_degree_option_for_canadian,DISCUSSION,[deleted by user],5,0
"I want to become a therapist, but don't have a lot of money or time. How can I earn an accredited graduate degree at my own pace online. I live in Ontario",https://adler.ca/become-a-psychotherapist-in-ontario-with-adlers-mpsy,PRODUCT_PAGE,Become a psychotherapist in Ontario with Adler’s MPsy,4,0
"I want to become a therapist, but don't have a lot of money or time. How can I earn an accredited graduate degree at my own pace online. I live in Ontario",https://adler.ca/mpsy-program-streams-psy-and-pth,COMPARISON,MPsy Program Streams (PSY and PTH),4,0
"I want to become a therapist, but don't have a lot of money or time. How can I earn an accredited graduate degree at my own pace online. I live in Ontario",https://crpo.ca/apply-to-crpo/how-to-apply/recognized-non-recognized-programs,HOW_TO_GUIDE,Recognized/Non-recognized Programs - CRPO,4,0
"I want to become a therapist, but don't have a lot of money or time. How can I earn an accredited graduate degree at my own pace online. I live in Ontario",https://athabascau.ca/calendar/graduate/fhd/master-of-counselling.html,PRODUCT_PAGE,Master of Counselling | Calendar | Athabasca University,4,1
"I want to become a therapist, but don't have a lot of money or time. How can I earn an accredited graduate degree at my own pace online. I live in Ontario",https://athabascau.ca/health-disciplines/programs/master-of-counselling.html,PRODUCT_PAGE,Master of Counselling | Faculty of Health Disciplines | Athabasca University,4,0.25
"I want to become a therapist, but don't have a lot of money or time. How can I earn an accredited graduate degree at my own pace online. I live in Ontario",https://kmatherapy.com/blog/therapist,LISTICLE,So You Want to Become a Therapist?,4,0
"I want to become a therapist, but don't have a lot of money or time. How can I earn an accredited graduate degree at my own pace online. I live in Ontario",https://oise.utoronto.ca/aphd/programs/master-arts-counselling-clinical-psychology-clinical-counselling-psychology-field,PRODUCT_PAGE,Master of Arts in Counselling & Clinical Psychology (Clinical & Counselling Psychology Field) | Ontario Institute for Studies in Education,4,0
"I want to become a therapist, but don't have a lot of money or time. How can I earn an accredited graduate degree at my own pace online. I live in Ontario",https://reddit.com/r/OntarioUniversities/comments/1gk9n7c/reputable_universities_that_offer_majority_online,DISCUSSION,Reputable Universities that offer majority online? Psych ,4,0
"I want to become a therapist, but don't have a lot of money or time. How can I earn an accredited graduate degree at my own pace online. I live in Ontario",https://sgs.utoronto.ca/programs/counselling-psychology,PRODUCT_PAGE,Counselling Psychology – School of Graduate Studies,4,0
"I want to become a therapist, but don't have a lot of money or time. How can I earn an accredited graduate degree at my own pace online. I live in Ontario",https://youtube.com/watch?v=4KiuTtxvbTs,PRODUCT_PAGE,How to Become a Therapist in Canada 🇨🇦 | MACP Program | Yorkville University,4,0
"I want to become a therapist, but don't have a lot of money or time. How can I earn an accredited graduate degree at my own pace online. I live in Ontario",https://online-psychology-degrees.org/best/affordable-online-associates-psych,LISTICLE,10 Most Affordable Associate’s in Psychology Online Degree Programs,3,0
"I want to become a therapist, but don't have a lot of money or time. How can I earn an accredited graduate degree at my own pace online. I live in Ontario",https://ontariosupervision.ca/blog/crpo-2027-update-why-ontario-students-and-clinics-may-need-external-clinical-supervision,ARTICLE,CRPO 2027 Practicum Requirements: External Clinical Supervision for Ontario Students and Clinics | OntarioSupervision.ca Blog,3,0
"I want to become a therapist, but don't have a lot of money or time. How can I earn an accredited graduate degree at my own pace online. I live in Ontario",https://therapylifestyle.ca/students/blog-post-title-three-t6tm3,OTHER,null,3,0
"I want to become a therapist, but don't have a lot of money or time. How can I earn an accredited graduate degree at my own pace online. I live in Ontario",https://drhermanto.com/services-affordable-therapy,PRODUCT_PAGE,Affordable Therapy | Psychologist | Ontario — Dr. Nicola Hermanto,2,0
"I want to become a therapist, but don't have a lot of money or time. How can I earn an accredited graduate degree at my own pace online. I live in Ontario",https://familytlc.ca/counselling/how-to-become-a-therapist-in-canada,HOW_TO_GUIDE,How to Become a Therapist in Canada: A Step-by-Step Guide,2,0
"I want to become a therapist, but don't have a lot of money or time. How can I earn an accredited graduate degree at my own pace online. I live in Ontario",https://opccollege.ca,HOMEPAGE,"Ontario Psychotherapy & Counselling College \| Toronto, Niagara",2,0.5
"I want to become a therapist, but don't have a lot of money or time. How can I earn an accredited graduate degree at my own pace online. I live in Ontario",https://opccollege.ca/current-students/registering-with-the-crpo,HOW_TO_GUIDE,Registering with the CRPO | Current Students | Ontario Psychotherapy & Counselling College,2,0
"I want to become a therapist, but don't have a lot of money or time. How can I earn an accredited graduate degree at my own pace online. I live in Ontario",https://adler.edu/en-ca/programs/masters-of-arts-in-clinical-mental-health-counseling,PRODUCT_PAGE,Master of Arts (M.A.) in Counselling: Clinical Mental Health Counselling | Adler University,2,1
"I want to become a therapist, but don't have a lot of money or time. How can I earn an accredited graduate degree at my own pace online. I live in Ontario",https://athabascau.ca/programs/summary/graduate-diploma-in-counselling.html,PRODUCT_PAGE,Graduate Diploma – Counselling | Online program | Athabasca University,2,0
"I want to become a therapist, but don't have a lot of money or time. How can I earn an accredited graduate degree at my own pace online. I live in Ontario",https://cherrytreecounselling.ca/affordable-counselling,PRODUCT_PAGE,Affordable Therapy in Hamilton | Sliding Scale Counselling — Cherry Tree Counselling,2,0
I'm a filmmaker with a college diploma. Are there any degrees for artists in BC wanting to get into the business side of the industry? List and compare the options.,https://bcit.ca/programs/bachelor-of-creative-industries-bachelor-of-creative-industries-full-time-9980bci,PRODUCT_PAGE,"Bachelor of Creative Industries, Bachelor of Creative Industr, Full-time (9980BCI)",14,1.285714286
I'm a filmmaker with a college diploma. Are there any degrees for artists in BC wanting to get into the business side of the industry? List and compare the options.,https://you.ubc.ca/ubc_programs/film-production,PRODUCT_PAGE,Film Production at UBC's Vancouver campus | UBC Undergraduate Programs and Admissions,14,1.142857143
I'm a filmmaker with a college diploma. Are there any degrees for artists in BC wanting to get into the business side of the industry? List and compare the options.,https://vfs.edu/pathway/bcit,PRODUCT_PAGE,The VFS &amp; BCIT Degree Pathway | Vancouver Film School,11,0.909090909
I'm a filmmaker with a college diploma. Are there any degrees for artists in BC wanting to get into the business side of the industry? List and compare the options.,https://theatrefilm.ubc.ca/undergraduate/bfa-theatre-film/film-production,PRODUCT_PAGE,The BFA Film Production Program | UBC Theatre and Film,10,0.3
I'm a filmmaker with a college diploma. Are there any degrees for artists in BC wanting to get into the business side of the industry? List and compare the options.,https://educationplannerbc.ca/institutions/capilano-university/25B97516-B4DE-4F58-A0F0-AA04FE3487FC/programs/CapU-arts-and-entertainment-management-diploma,PROFILE,Arts and Entertainment Management Diploma \| EducationPlannerBC,10,0.4
I'm a filmmaker with a college diploma. Are there any degrees for artists in BC wanting to get into the business side of the industry? List and compare the options.,https://yorkvilleu.ca/programs/bachelor-of-creative-arts-degree-oncampus,PRODUCT_PAGE,Bachelor of Creative Arts | Yorkville University,8,0
I'm a filmmaker with a college diploma. Are there any degrees for artists in BC wanting to get into the business side of the industry? List and compare the options.,https://creativepathwayscanada.com/your-first-steps-into-b-c-s-film-industry-schools-workshops-mentorship-programs,LISTICLE,"Your First Steps into B.C.’s Film Industry: Schools, Workshops & Mentorship Programs",7,0.285714286
I'm a filmmaker with a college diploma. Are there any degrees for artists in BC wanting to get into the business side of the industry? List and compare the options.,https://capilanou.ca/programs--courses/program-profiles/bachelor-of-motion-picture-arts-degree,PRODUCT_PAGE,Bachelor of Motion Picture Arts Degree - Capilano University,7,0.285714286
I'm a filmmaker with a college diploma. Are there any degrees for artists in BC wanting to get into the business side of the industry? List and compare the options.,https://educationplannerbc.ca/institutions/british-columbia-institute-of-technology/5b7c9834-d996-4a2f-a947-8f713ad8019d/programs/BCIT-bachelor-of-creative-industries,PROFILE,Creative Industries: Bachelor's Degree (BCI) \| EducationPlannerBC,6,1
I'm a filmmaker with a college diploma. Are there any degrees for artists in BC wanting to get into the business side of the industry? List and compare the options.,https://grad.ubc.ca/prospective-students/graduate-degree-programs/master-of-fine-arts-film-production,PRODUCT_PAGE,Master of Fine Arts in Film Production (MFA) | Graduate School at The University of British Columbia (UBC),6,0.666666667
I'm a filmmaker with a college diploma. Are there any degrees for artists in BC wanting to get into the business side of the industry? List and compare the options.,https://yorkvilleu.ca/programs/bachelor-of-creative-arts-degree-online,PRODUCT_PAGE,Bachelor of Creative Arts | Online Degree | Yorkville University,6,0
I'm a filmmaker with a college diploma. Are there any degrees for artists in BC wanting to get into the business side of the industry? List and compare the options.,https://theatrefilm.ubc.ca/undergraduate/bfa-theatre-film/film-production/diploma,PRODUCT_PAGE,Diploma in Film Production | UBC Theatre and Film,5,0.8
I'm a filmmaker with a college diploma. Are there any degrees for artists in BC wanting to get into the business side of the industry? List and compare the options.,https://bcit.ca/business,OTHER,School of Business + Media,5,0.4
I'm a filmmaker with a college diploma. Are there any degrees for artists in BC wanting to get into the business side of the industry? List and compare the options.,https://capilanou.ca/admissions/course-registration/capilano-university-calendar/capu-calendar-2025-2026/program-profiles/arts-and-entertainment-management-diploma,PRODUCT_PAGE,Arts and Entertainment Management Diploma,5,1
I'm a filmmaker with a college diploma. Are there any degrees for artists in BC wanting to get into the business side of the industry? List and compare the options.,https://educationplannerbc.ca/institutions/capilano-university/25b97516-b4de-4f58-a0f0-aa04fe3487fc/programs/CapU-arts-and-entertainment-management-diploma?tab=4,PROFILE,Arts and Entertainment Management Diploma \| EducationPlannerBC,5,0
I'm a filmmaker with a college diploma. Are there any degrees for artists in BC wanting to get into the business side of the industry? List and compare the options.,https://grad.ubc.ca/prospective-students/graduate-degree-programs/master-of-fine-arts-film-production-creative-writing,PRODUCT_PAGE,Master of Fine Arts in Film Production and Creative Writing (MFA),5,0
I'm a filmmaker with a college diploma. Are there any degrees for artists in BC wanting to get into the business side of the industry? List and compare the options.,https://students.ubc.ca/career/your-degree/arts/film-production,CATEGORY_PAGE,Your degree in Film Production \| UBC Student Services,4,0
I'm a filmmaker with a college diploma. Are there any degrees for artists in BC wanting to get into the business side of the industry? List and compare the options.,https://arts.ubc.ca/programs/degree-options,CATEGORY_PAGE,Degrees | Faculty of Arts | University of British Columbia (Vancouver),4,0.75
I'm a filmmaker with a college diploma. Are there any degrees for artists in BC wanting to get into the business side of the industry? List and compare the options.,https://bcit.ca/business-media,OTHER,School of Business + Media,4,0
I'm a filmmaker with a college diploma. Are there any degrees for artists in BC wanting to get into the business side of the industry? List and compare the options.,https://bcit.ca/news/stories/bachelor-of-creative-industries,ARTICLE,BCIT launches new Bachelor of Creative Industries program,4,0.5
I'm a filmmaker with a college diploma. Are there any degrees for artists in BC wanting to get into the business side of the industry? List and compare the options.,https://educationplannerbc.ca/institutions/university-of-british-columbia/539E2475-0215-44C3-A4D0-EA806CF9AB9F/programs/UBCV-film-production-bachelor-of-fine-arts-degree-major,PROFILE,Film Production: Bachelor of Fine Arts Degree (BFA) - UBCV \| EducationPlannerBC,4,0.5
I'm a filmmaker with a college diploma. Are there any degrees for artists in BC wanting to get into the business side of the industry? List and compare the options.,https://educations.com/filmmaking-and-production/canada/british-columbia,CATEGORY_PAGE,7 Filmmaking and Production Degree Programs in British Columbia Canada - Study Abroad | educations.com,4,0.5
I'm a filmmaker with a college diploma. Are there any degrees for artists in BC wanting to get into the business side of the industry? List and compare the options.,https://educations.com/institutions/capilano-university/diploma-of-arts-and-entertainment-management,PRODUCT_PAGE,Capilano University Diploma of Arts and Entertainment Management,4,0
I'm a filmmaker with a college diploma. Are there any degrees for artists in BC wanting to get into the business side of the industry? List and compare the options.,https://hellodarwin.com/business-aid/programs/creative-bc-production-program,PRODUCT_PAGE,Production Program | Program Guide 2026,3,0.333333333
I'm a filmmaker with a college diploma. Are there any degrees for artists in BC wanting to get into the business side of the industry? List and compare the options.,https://uninedu.com/courses/1296,PRODUCT_PAGE,Arts and Entertainment Management - uninedu,3,0
I'm a filmmaker with a college diploma. Are there any degrees for artists in BC wanting to get into the business side of the industry? List and compare the options.,https://vancouver.calendar.ubc.ca/faculties-colleges-and-schools/faculty-graduate-and-postdoctoral-studies/degree-programs/film-productioncreative-writing,PROFILE,Film Production/Creative Writing | UBC Academic Calendar,3,0
I'm a filmmaker with a college diploma. Are there any degrees for artists in BC wanting to get into the business side of the industry? List and compare the options.,https://vfs.edu/node/2715,ARTICLE,VFS & BCIT launch unprecedented partnership | Vancouver Film School,3,0
I'm a filmmaker with a college diploma. Are there any degrees for artists in BC wanting to get into the business side of the industry? List and compare the options.,https://vfs.edu/programs/film-production,PRODUCT_PAGE,Film Production Diploma Program | Vancouver Film School,3,0
I'm a filmmaker with a college diploma. Are there any degrees for artists in BC wanting to get into the business side of the industry? List and compare the options.,https://capilanou.ca/admissions/course-registration/capilano-university-calendar/capu-calendar-2024-2025/program-profiles/arts-and-entertainment-management-diploma,PRODUCT_PAGE,Arts and Entertainment Management Diploma,3,0
I'm a filmmaker with a college diploma. Are there any degrees for artists in BC wanting to get into the business side of the industry? List and compare the options.,https://capilanou.ca/programs--courses/program-profiles/arts-and-entertainment-management-diploma,PRODUCT_PAGE,Arts and Entertainment Management Diploma,3,0.333333333
I'm a filmmaker with a college diploma. Are there any degrees for artists in Ontario wanting to get into the business side of the industry? List and compare the options.,https://torontomu.ca/programs/undergraduate/creative-industries,PRODUCT_PAGE,Creative Industries - BA - Programs - Toronto Metropolitan University (TMU),14,1
I'm a filmmaker with a college diploma. Are there any degrees for artists in Ontario wanting to get into the business side of the industry? List and compare the options.,https://yorkvilleu.ca/programs/bachelor-of-creative-arts-degree-oncampus,PRODUCT_PAGE,Bachelor of Creative Arts | Yorkville University,11,0
I'm a filmmaker with a college diploma. Are there any degrees for artists in Ontario wanting to get into the business side of the industry? List and compare the options.,https://torontomu.ca/programs/undergraduate/film,PRODUCT_PAGE,Image Arts: Film - BFA,10,0.2
I'm a filmmaker with a college diploma. Are there any degrees for artists in Ontario wanting to get into the business side of the industry? List and compare the options.,https://schulich.yorku.ca/programs/mba-mfa-ma,PRODUCT_PAGE,MBA | Master of Fine Arts | Schulich School of Business,8,0.375
I'm a filmmaker with a college diploma. Are there any degrees for artists in Ontario wanting to get into the business side of the industry? List and compare the options.,https://sheridancollege.ca/programs/creative-industries-management,PRODUCT_PAGE,Creative Industries Management | Programs | Sheridan College,8,0.25
I'm a filmmaker with a college diploma. Are there any degrees for artists in Ontario wanting to get into the business side of the industry? List and compare the options.,https://yorkvilleu.ca/programs/bachelor-of-creative-arts-degree-online,PRODUCT_PAGE,Bachelor of Creative Arts | Online Degree | Yorkville University,8,0
I'm a filmmaker with a college diploma. Are there any degrees for artists in Ontario wanting to get into the business side of the industry? List and compare the options.,https://schulich.yorku.ca/specializations/arts-media,PRODUCT_PAGE,"Arts, Media &amp; Entertainment - Schulich School of Business",7,0.285714286
I'm a filmmaker with a college diploma. Are there any degrees for artists in Ontario wanting to get into the business side of the industry? List and compare the options.,https://collegeforartsandtech.com/program/professional-filmmaking,PRODUCT_PAGE,Professional Filmmaking - College for Arts and Technology,6,0
I'm a filmmaker with a college diploma. Are there any degrees for artists in Ontario wanting to get into the business side of the industry? List and compare the options.,https://torontofilmschool.ca/programs/bca-pathway,PRODUCT_PAGE,"Become a Creative Leader | $10,000 in Tuition Savings at TFS",6,0
I'm a filmmaker with a college diploma. Are there any degrees for artists in Ontario wanting to get into the business side of the industry? List and compare the options.,https://yorku.ca/gradstudies/film/programs/joint-program,PRODUCT_PAGE,MBA/MA–MBA/MFA Joint Program | Programs | Film | Faculty of Graduate Studies (FGS) | York University,6,0
I'm a filmmaker with a college diploma. Are there any degrees for artists in Ontario wanting to get into the business side of the industry? List and compare the options.,https://ampd.yorku.ca/department-of-cinema-and-media-arts,OTHER,"Department of Cinema & Media Arts » School of the Arts, Media, Performance & Design",5,0.4
I'm a filmmaker with a college diploma. Are there any degrees for artists in Ontario wanting to get into the business side of the industry? List and compare the options.,https://schulich.yorku.ca/arts-media-entertainment,PRODUCT_PAGE,"Arts, Media & Entertainment (AM&E) - Schulich School of Business",5,0.4
I'm a filmmaker with a college diploma. Are there any degrees for artists in Ontario wanting to get into the business side of the industry? List and compare the options.,https://torontomu.ca/creativeindustries,OTHER,Creative Industries,5,0.6
I'm a filmmaker with a college diploma. Are there any degrees for artists in Ontario wanting to get into the business side of the industry? List and compare the options.,https://torontomu.ca/creativeindustries/future-students,PRODUCT_PAGE,Future Students,5,0.2
I'm a filmmaker with a college diploma. Are there any degrees for artists in Ontario wanting to get into the business side of the industry? List and compare the options.,https://coursecompare.ca/the-best-film-schools-in-canada,LISTICLE,Best Film Schools in Canada of 2026 | CourseCompare.ca,4,0
I'm a filmmaker with a college diploma. Are there any degrees for artists in Ontario wanting to get into the business side of the industry? List and compare the options.,https://sheridancollege.ca/programs/bachelor-of-film-and-television,PRODUCT_PAGE,Bachelor of Film and Television,4,0.25
I'm a filmmaker with a college diploma. Are there any degrees for artists in Ontario wanting to get into the business side of the industry? List and compare the options.,https://toronto.ca/business-economy/industry-sector-support/film/careers-training-for-the-toronto-film-industry,CATEGORY_PAGE,Careers & Training for Toronto's Film Industry,4,0
I'm a filmmaker with a college diploma. Are there any degrees for artists in Ontario wanting to get into the business side of the industry? List and compare the options.,https://utsc.utoronto.ca/admissions/programs/arts-management,PRODUCT_PAGE,Arts Management | Admissions & Student Recruitment,4,1.75
I'm a filmmaker with a college diploma. Are there any degrees for artists in Ontario wanting to get into the business side of the industry? List and compare the options.,https://apply.mypiebd.com/programs/bachelor-of-arts-creative-industries,PRODUCT_PAGE,bachelor-of-arts-creative-industries,3,0
I'm a filmmaker with a college diploma. Are there any degrees for artists in Ontario wanting to get into the business side of the industry? List and compare the options.,https://future.utoronto.ca/undergraduate-programs/art-management,OTHER,Arts and Media Management | Future Students. University of Toronto,3,0
I'm a filmmaker with a college diploma. Are there any degrees for artists in Ontario wanting to get into the business side of the industry? List and compare the options.,https://futurestudents.yorku.ca/graduate/programs/diplomas/arts-and-media-administration,PRODUCT_PAGE,"Arts, Media & Entertainment Management| Future Students",3,0
I'm a filmmaker with a college diploma. Are there any degrees for artists in Ontario wanting to get into the business side of the industry? List and compare the options.,https://futurestudents.yorku.ca/program/cinema-media-arts,CATEGORY_PAGE,Cinema & Media Arts\| Future Students \| York University,3,0
I'm a filmmaker with a college diploma. Are there any degrees for artists in Ontario wanting to get into the business side of the industry? List and compare the options.,https://futurestudents.yorku.ca/program/cinema-media-production,CATEGORY_PAGE,Cinema & Media Arts - Production\| Future Students \| York University,3,0
I'm a filmmaker with a college diploma. Are there any degrees for artists in Ontario wanting to get into the business side of the industry? List and compare the options.,https://utsc.utoronto.ca/admissions/programs/arts-and-media-management,PRODUCT_PAGE,Arts and Media Management | Admissions & Student Recruitment,3,0
I'm a filmmaker with a college diploma. Are there any degrees for artists in Ontario wanting to get into the business side of the industry? List and compare the options.,https://algonquincollege.com/mediaanddesign/program/film-and-media-production,PRODUCT_PAGE,Film and Media Production - School of Media & Design,3,0
I'm a filmmaker with a college diploma. Are there any degrees for artists in Ontario wanting to get into the business side of the industry? List and compare the options.,https://applyboard.com/schools/toronto-metropolitan-university/programs/bachelor-of-arts-creative-industries,PROFILE,Bachelor of Arts in Creative Industries,3,0
I'm a filmmaker with a college diploma. Are there any degrees for artists in Ontario wanting to get into the business side of the industry? List and compare the options.,https://educations.com/bachelors-degree/art-studies/canada/ontario/toronto,CATEGORY_PAGE,50 Creative Arts and Design Bachelors Degree Programs in Toronto Ontario Canada - Study Abroad | educations.com,3,0
I'm a filmmaker with a college diploma. Are there any degrees for artists in Ontario wanting to get into the business side of the industry? List and compare the options.,https://educations.com/bachelors-degree/arts-management-and-heritage/canada/ontario/campus,CATEGORY_PAGE,9 On-Campus Arts Management and Heritage Bachelors Degree Programs in Ontario Canada - Study Abroad | educations.com,3,0
I'm a filmmaker with a college diploma. Are there any degrees for artists in Ontario wanting to get into the business side of the industry? List and compare the options.,https://educations.com/institutions/centennial-college/graduate-certificate-in-film-and-television-business,CATEGORY_PAGE,982 Filmmaking and Production Degree Programs Abroad | educations.com,3,0
I'm a filmmaker with a college diploma. Are there any degrees for artists in Ontario wanting to get into the business side of the industry? List and compare the options.,https://toronto.ca/business-economy/business-operation-growth/business-incentives/creative-industries-funding-film,PRODUCT_PAGE,Creative Industries Funding: Film,3,0
Is an online BBA worth it? List a few key programs worth exploring as I consider my next steps.,https://coursecompare.ca/online-bba-vs-on-campus-bba,ARTICLE,Online BBA vs. On-Campus BBA: What You Should Know Before You Choose | CourseCompare.ca,15,0.666666667
Is an online BBA worth it? List a few key programs worth exploring as I consider my next steps.,https://coursecompare.ca/best-online-bba-bcom-programs-canada,LISTICLE,Best Online BBA and BCom Programs in Canada of 2026 | CourseCompare.ca,12,1
Is an online BBA worth it? List a few key programs worth exploring as I consider my next steps.,https://pw.live/online-degree/exams/is-online-bba-worth-it,ARTICLE,Is Online BBA Worth It in 2025 to Pursue Career Goals?,9,1
Is an online BBA worth it? List a few key programs worth exploring as I consider my next steps.,https://degreecoursesinoneyear.in/is-online-bba-degree-worth-it,COMPARISON,Is online BBA degree worth it?,7,0
Is an online BBA worth it? List a few key programs worth exploring as I consider my next steps.,https://ufred.ca/knowledge-hub/is-a-bba-degree-worth-it,PRODUCT_PAGE,Is a BBA degree worth it?,7,0.142857143
Is an online BBA worth it? List a few key programs worth exploring as I consider my next steps.,https://bachelorsdegreecenter.org/online-bachelor-in-business-administration-degree-programs,LISTICLE,Best Online Bachelor in Business Administration Degree Programs,7,0
Is an online BBA worth it? List a few key programs worth exploring as I consider my next steps.,https://collegeraptor.com/getting-in/articles/online-colleges/expect-online-business-degree-bba-program,PROFILE,Online Business Degree Programs: What Students Can Expect,7,0.428571429
Is an online BBA worth it? List a few key programs worth exploring as I consider my next steps.,https://nexford.edu/insights/how-to-choose-a-fully-online-bba-program,HOW_TO_GUIDE,How to Choose a Fully Online BBA Program in 2026,7,0.857142857
Is an online BBA worth it? List a few key programs worth exploring as I consider my next steps.,https://manavrachnaonline.com/blogs/is-an-online-bba-worth-it-pros-cons-and-career-prospects,ARTICLE,"Is an Online BBA Worth It? Pros, Cons, and Career Prospects",6,0.166666667
Is an online BBA worth it? List a few key programs worth exploring as I consider my next steps.,https://gradlime.com/online-bachelor-business-administration-degrees,LISTICLE,Top 10 Online Bachelor in Business Administration Degrees - GradLime,5,0.2
Is an online BBA worth it? List a few key programs worth exploring as I consider my next steps.,https://laurentian.ca/academics/program/bba-online,PRODUCT_PAGE,Business Administration (online BBA) | UG | Laurentian University,5,0
Is an online BBA worth it? List a few key programs worth exploring as I consider my next steps.,https://yorkvilleu.ca/programs/bachelor-of-business-administration-online,PRODUCT_PAGE,Online Business Degree | Business Administration (BBA) | Yorkville University,5,0
Is an online BBA worth it? List a few key programs worth exploring as I consider my next steps.,https://yorkvilleu.ca/programs/bachelor-of-business-administration-online/general,PRODUCT_PAGE,BBA General Online Degree | Bachelor of Business | Yorkville University,5,0
Is an online BBA worth it? List a few key programs worth exploring as I consider my next steps.,https://online.unb.ca/blog/bachelor-of-applied-management-vs-BBA,COMPARISON,Bachelor of Applied Management (BAM) vs. BBA,4,0
Is an online BBA worth it? List a few key programs worth exploring as I consider my next steps.,https://accreditedschoolsonline.org/online-degrees/best-online-bachelors-in-business,LISTICLE,Explore Top Online BBA Programs | AccreditedSchoolsOnline.org,4,0.25
Is an online BBA worth it? List a few key programs worth exploring as I consider my next steps.,https://athabascau.ca/programs/summary/bachelor-of-management-general.html,PRODUCT_PAGE,Athabasca University,4,0
Is an online BBA worth it? List a few key programs worth exploring as I consider my next steps.,https://linkedin.com/pulse/online-bba-worth-2026-career-scope-jobs-salary-hikeeducation-sk6tc,ARTICLE,"Is Online BBA Worth It in 2026? Career Scope, Jobs & Salary",4,0
Is an online BBA worth it? List a few key programs worth exploring as I consider my next steps.,https://onlineeducation.com/business/bachelors-in-business-administration-programs,OTHER,Online Bachelor of Business Administration (BBA) Degree Programs,4,0
Is an online BBA worth it? List a few key programs worth exploring as I consider my next steps.,https://amityonline.com/blog/is-online-bba-worth-it-students-guide-pros-and-cons,ARTICLE,Is Online BBA Worth It? A Student's Guide to Weighing the Pros and Cons,3,0.333333333
Is an online BBA worth it? List a few key programs worth exploring as I consider my next steps.,https://forbes.com/advisor/education/business-and-marketing/best-online-business-administration-degree-programs,LISTICLE,Best Business Administration Degrees Online Of 2026 – Forbes Advisor,3,1
Is an online BBA worth it? List a few key programs worth exploring as I consider my next steps.,https://quora.com/Is-an-online-degree-in-business-administration-worth-it,DISCUSSION,Is an online degree in business administration worth it? - Quora,3,0
Is an online BBA worth it? List a few key programs worth exploring as I consider my next steps.,https://riseupp.com/blog/is-online-bba-worth-it,OTHER,"Is Online BBA Worth It in 2026? ROI, Jobs & Salary",3,0
Is an online BBA worth it? List a few key programs worth exploring as I consider my next steps.,https://trainingskart.com/blog/is-an-online-bba-worth-it,OTHER,"Is an Online BBA Worth It? Benefits, Career &amp; Salary Insights",3,1.666666667
Is an online BBA worth it? List a few key programs worth exploring as I consider my next steps.,https://academicinfluence.com/rankings/online-degree/bachelors/business-administration,LISTICLE,Best Online Bachelor’s in Business Administration Degree Programs 2026 | Academic Influence,2,1
Is an online BBA worth it? List a few key programs worth exploring as I consider my next steps.,https://asuonline.asu.edu/online-degree-programs/undergraduate/bachelor-arts-business-concentration-business,PRODUCT_PAGE,Online Business Administration Degree | ASU Online,2,1
Is an online BBA worth it? List a few key programs worth exploring as I consider my next steps.,https://business.fau.edu/undergradonline/online-bba,PRODUCT_PAGE,Undergraduate Business Online | FAU Business,2,1
Is an online BBA worth it? List a few key programs worth exploring as I consider my next steps.,https://business.fau.edu/undergradonline/online-bba/index.php,PRODUCT_PAGE,Undergraduate Business Online | FAU Business,2,0
Is an online BBA worth it? List a few key programs worth exploring as I consider my next steps.,https://muonline67.wordpress.com/2025/05/07/online-bba-is-it-worth-it-pros-cons-career-paths,COMPARISON,"Online BBA: Is It Worth It? Pros, Cons & Career Paths",2,1.5
Is an online BBA worth it? List a few key programs worth exploring as I consider my next steps.,https://onlinechitkarau.com/our-blogs/is-online-bba-worth-it,ARTICLE,"Is An Online BBA Worth It In 2025? Benefits, Scope & Careers",2,0
Is an online BBA worth it? List a few key programs worth exploring as I consider my next steps.,https://onlinechitkarau.com/our-blogs/online-bba-vs-distance-bba-value,COMPARISON,Online BBA Or Distance Learning BBA: Which Has More Value?,2,0
"What are my financial aid options for counselling psychology masters students? I'm in Ontario, but would also be helpful to know Canada wide.",https://ischoolconnect.com/scholarship/scholarship/ontario-graduate-scholarship-ma-in-clinical-and-counselling-psychology,CATEGORY_PAGE,Ontario Graduate Scholarship- MA in Clinical and Counselling Psychology - iSchoolConnect,10,0.1
"What are my financial aid options for counselling psychology masters students? I'm in Ontario, but would also be helpful to know Canada wide.",https://uoguelph.ca/psychology/node/254,ARTICLE,Graduate: Financial Assistance | Department of Psychology,10,0.2
"What are my financial aid options for counselling psychology masters students? I'm in Ontario, but would also be helpful to know Canada wide.",https://ontario.ca/page/student-loans-grants-scholarships-and-bursaries,LISTICLE,"Student loans, grants, scholarships and bursaries",9,0.111111111
"What are my financial aid options for counselling psychology masters students? I'm in Ontario, but would also be helpful to know Canada wide.",https://psych.ubc.ca/graduate/funding,CATEGORY_PAGE,Graduate Funding Opportunities | UBC Psychology,8,0.625
"What are my financial aid options for counselling psychology masters students? I'm in Ontario, but would also be helpful to know Canada wide.",https://utsc.utoronto.ca/psych/graduate-funding-and-awards,CATEGORY_PAGE,Graduate Funding and Awards | Department of Psychology,8,0.25
"What are my financial aid options for counselling psychology masters students? I'm in Ontario, but would also be helpful to know Canada wide.",https://grad.ubc.ca/prospective-students/graduate-degree-programs/master-of-arts-counselling-psychology,CATEGORY_PAGE,Master of Arts in Counselling Psychology (MA),7,0
"What are my financial aid options for counselling psychology masters students? I'm in Ontario, but would also be helpful to know Canada wide.",https://carleton.ca/psychology/graduate-studies-archive/graduate/scholarships-and-wards,CATEGORY_PAGE,Scholarships and Awards - Psychology,6,0
"What are my financial aid options for counselling psychology masters students? I'm in Ontario, but would also be helpful to know Canada wide.",https://future.utoronto.ca/ontario-financial-aid,HOW_TO_GUIDE,Ontario Financial Aid,6,0
"What are my financial aid options for counselling psychology masters students? I'm in Ontario, but would also be helpful to know Canada wide.",https://sshrc-crsh.canada.ca/en/funding/opportunities/canada-graduate-research-scholarships/masters-program.aspx,CATEGORY_PAGE,Canada Graduate Research Scholarship-Master’s program,6,0.833333333
"What are my financial aid options for counselling psychology masters students? I'm in Ontario, but would also be helpful to know Canada wide.",https://canada.ca/en/services/benefits/education/student-aid/grants-loans.html,ARTICLE,Canada Student Grants and Loans - Canada.ca,6,0
"What are my financial aid options for counselling psychology masters students? I'm in Ontario, but would also be helpful to know Canada wide.",https://edu.uwo.ca/graduate-education/ma/counselling-psychology.html,PRODUCT_PAGE,Counselling Psychology - Faculty of Education - Western University,6,0
"What are my financial aid options for counselling psychology masters students? I'm in Ontario, but would also be helpful to know Canada wide.",https://queensu.ca/psychology/graduate-program/prospective-students/funding-awards-and-financial-support,ARTICLE,"Funding, Awards, and Financial Support | Department of Psychology",6,1
"What are my financial aid options for counselling psychology masters students? I'm in Ontario, but would also be helpful to know Canada wide.",https://utm.utoronto.ca/careers/tips-funding-graduate-school,LISTICLE,Tips | Funding Graduate School | Career Centre,6,0
"What are my financial aid options for counselling psychology masters students? I'm in Ontario, but would also be helpful to know Canada wide.",https://cityuniversity.ca/financial-aid-masterofcounsellingvirtual,HOW_TO_GUIDE,Financial Assistance for CityU in Canada Students” Financial Aid - CityU in Canada,5,0
"What are my financial aid options for counselling psychology masters students? I'm in Ontario, but would also be helpful to know Canada wide.",https://osap.gov.on.ca/OSAPPortal/en/A-ZListofAid/POCONT1_098674,OTHER,Welcome to the Ontario Student Assistance Program:Ontario Graduate Scholarship,5,1.8
"What are my financial aid options for counselling psychology masters students? I'm in Ontario, but would also be helpful to know Canada wide.",https://stage-rebuild.twu.ca/counselling-psychology-ma/finances,OTHER,null,5,0
"What are my financial aid options for counselling psychology masters students? I'm in Ontario, but would also be helpful to know Canada wide.",https://uwaterloo.ca/psychology/graduate-students/funding-awards,CATEGORY_PAGE,Funding &amp; Awards | Psychology | University of Waterloo,5,0
"What are my financial aid options for counselling psychology masters students? I'm in Ontario, but would also be helpful to know Canada wide.",https://msmunify.com/blogs/masters-in-clinical-psychology-in-canada,LISTICLE,Comprehensive Guide to Pursuing a Master’s in Clinical Psychology in Canada for International Students,5,0
"What are my financial aid options for counselling psychology masters students? I'm in Ontario, but would also be helpful to know Canada wide.",https://oise.utoronto.ca/programs/program-finder/ma-counselling-clinical-psychology,CATEGORY_PAGE,MA in Counselling & Clinical Psychology | Ontario Institute for Studies in Education,5,1.2
"What are my financial aid options for counselling psychology masters students? I'm in Ontario, but would also be helpful to know Canada wide.",https://reddit.com/r/IndianCountry/comments/1j6qs7l/masters_in_counselling_psychology_need_additional,DISCUSSION,Masters in Counselling Psychology: Need Additional Funding Options,5,0
"What are my financial aid options for counselling psychology masters students? I'm in Ontario, but would also be helpful to know Canada wide.",https://medixcollege.ca/admissions/financialoptions,OTHER,Financial Aid Options: Medix College Education Funding,4,0
"What are my financial aid options for counselling psychology masters students? I'm in Ontario, but would also be helpful to know Canada wide.",https://osap.gov.on.ca/OSAPPortal/en/A-ZListofAid/PRDR019245.html,OTHER,Welcome to the Ontario Student Assistance Program:Ontario Graduate Scholarship,4,0.5
"What are my financial aid options for counselling psychology masters students? I'm in Ontario, but would also be helpful to know Canada wide.",https://cirhr.utoronto.ca/graduate/current-graduate-students/financial-assistance-and-awards/sshrc-and-ogs-awards,CATEGORY_PAGE,SSHRC and OGS Awards \| Centre for Industrial Relations and Human Resources,4,0.5
"What are my financial aid options for counselling psychology masters students? I'm in Ontario, but would also be helpful to know Canada wide.",https://ontario.ca/page/learn-about-osap,ARTICLE,Learn about OSAP,4,3.25
"What are my financial aid options for counselling psychology masters students? I'm in Ontario, but would also be helpful to know Canada wide.",https://psych.utoronto.ca/node/1902,CATEGORY_PAGE,Financial Support \| Department of Psychology,4,0.5
"What are my financial aid options for counselling psychology masters students? I'm in Ontario, but would also be helpful to know Canada wide.",https://psychology.uwo.ca/graduate/future_students/funding.html,PRODUCT_PAGE,Funding,4,0
"What are my financial aid options for counselling psychology masters students? I'm in Ontario, but would also be helpful to know Canada wide.",https://sfu.ca/psychology/graduate/Admissions/incoming-graduate-student-funding.html,ARTICLE,Incoming Student Funding - Psychology - Simon Fraser University,4,1.25
"What are my financial aid options for counselling psychology masters students? I'm in Ontario, but would also be helpful to know Canada wide.",https://twu.ca/counselling-psychology-ma/finances,PRODUCT_PAGE,Finances | Trinity Western University,4,0
"What are my financial aid options for counselling psychology masters students? I'm in Ontario, but would also be helpful to know Canada wide.",https://cityuniversity.ca/admissions/financial-aid-and-scholarships-2,HOW_TO_GUIDE,Financial Assistance for CityU in Canada Students”&nbsp;Financial Aid - CityU in Canada,3,0
"What are my financial aid options for counselling psychology masters students? I'm in Ontario, but would also be helpful to know Canada wide.",https://cpa.ca/funding,CATEGORY_PAGE,Funding Available through the CPA - Canadian Psychological Association,3,1.333333333
What is the ROI on a Canadian M.Ed for careers in management? And are there any high ROI M.Ed programs I should take a look at based on your research?,https://upgrad.com/ca/blog/master-of-education-worth-canada-salary-career-benefits,ARTICLE,Is a Master's in Education Worth It in Canada? Key Facts,14,0.357142857
What is the ROI on a Canadian M.Ed for careers in management? And are there any high ROI M.Ed programs I should take a look at based on your research?,https://upgrad.com/ca/blog/med-career-opportunities-canada,LISTICLE,Master of Education (M.Ed) in Canada: Top Career Opportunities,11,0.909090909
What is the ROI on a Canadian M.Ed for careers in management? And are there any high ROI M.Ed programs I should take a look at based on your research?,https://upgrad.com/ca/blog/boost-your-teaching-career-in-canada-with-an-m-ed-in-educational-leadership,ARTICLE,Boost Your Teaching Career in Canada with an M.Ed. in Educational Leadership,9,0.222222222
What is the ROI on a Canadian M.Ed for careers in management? And are there any high ROI M.Ed programs I should take a look at based on your research?,https://yorkvilleu.ca/blog/what-can-you-do-with-a-master-of-education-degree,ARTICLE,What Can You Do with a Master of Education Degree (M.Ed.)?,8,0.125
What is the ROI on a Canadian M.Ed for careers in management? And are there any high ROI M.Ed programs I should take a look at based on your research?,https://upgrad.com/ca/blog/is-upgrad-masters-in-education-for-teachers-in-canada,LISTICLE,Best Master's in Education for Teachers in 2026 - A Complete Guide,7,0.142857143
What is the ROI on a Canadian M.Ed for careers in management? And are there any high ROI M.Ed programs I should take a look at based on your research?,https://grad.ubc.ca/prospective-students/graduate-degree-programs/master-of-education-educational-administration-leadership,CATEGORY_PAGE,Master of Education in Educational Administration and Leadership (MEd),6,0.666666667
What is the ROI on a Canadian M.Ed for careers in management? And are there any high ROI M.Ed programs I should take a look at based on your research?,https://oise.utoronto.ca/lhae/masters-degrees/master-education-educational-leadership-policy,PRODUCT_PAGE,Master of Education in Educational Leadership &amp; Policy | Ontario Institute for Studies in Education,6,0.666666667
What is the ROI on a Canadian M.Ed for careers in management? And are there any high ROI M.Ed programs I should take a look at based on your research?,https://oise.utoronto.ca/lhae/masters-degrees/master-education-higher-education-higher-education-leadership-field,PRODUCT_PAGE,Master of Education in Higher Education (Higher Education Administration and Leadership Field) | Ontario Institute for Studies in Education,6,0.166666667
What is the ROI on a Canadian M.Ed for careers in management? And are there any high ROI M.Ed programs I should take a look at based on your research?,https://standyou.com/study-abroad/m-ed-in-canada,OTHER,M.Ed in Canada 2026 | Top Universities & Course Programs | Standyou,6,0.166666667
What is the ROI on a Canadian M.Ed for careers in management? And are there any high ROI M.Ed programs I should take a look at based on your research?,https://yorkvilleu.ca/programs/med-in-educational-leadership,PRODUCT_PAGE,Master of Educational Leadership | MEd Online Degree | Yorkville University,6,0.666666667
What is the ROI on a Canadian M.Ed for careers in management? And are there any high ROI M.Ed programs I should take a look at based on your research?,https://leverageedu.com/learn/mba-roi-in-canada,ARTICLE,"MBA ROI in Canada: Cost, Salary, Jobs & Payback Period",5,0.4
What is the ROI on a Canadian M.Ed for careers in management? And are there any high ROI M.Ed programs I should take a look at based on your research?,https://aib.edu.au/blog/canada/the-roi-of-an-mba-in-canada-is-an-mba-worth-it,ARTICLE,The ROI of an MBA in Canada: Is an MBA worth it?,5,0
What is the ROI on a Canadian M.Ed for careers in management? And are there any high ROI M.Ed programs I should take a look at based on your research?,https://reddit.com/r/CanadianTeachers/comments/1533q2f/masters_of_education,DISCUSSION,Masters of education,5,0
What is the ROI on a Canadian M.Ed for careers in management? And are there any high ROI M.Ed programs I should take a look at based on your research?,https://viu.ca/programs/education/master-education-educational-leadership,PRODUCT_PAGE,Master of Education in Educational Leadership | Vancouver Island University | Canada,5,1.2
What is the ROI on a Canadian M.Ed for careers in management? And are there any high ROI M.Ed programs I should take a look at based on your research?,https://yorkvilleu.ca/programs/med-in-educational-leadership/educational-administration,PRODUCT_PAGE,MEd Online Degree | K-12 Educational Leadership | Yorkville University,5,0
What is the ROI on a Canadian M.Ed for careers in management? And are there any high ROI M.Ed programs I should take a look at based on your research?,https://collegedunia.com/canada/article/masters-in-education-in-canada,PROFILE,"Masters in Education in Canada: Fees 2024, Top Colleges, Placements & Salaries",4,0
What is the ROI on a Canadian M.Ed for careers in management? And are there any high ROI M.Ed programs I should take a look at based on your research?,https://uwaterloo.ca/future-graduate-students/blog/graduate-school-worth-it-breaking-down-real-roi,ARTICLE,Is graduate school worth it? Breaking down the real ROI | Future Graduate Students | University of Waterloo,4,0
What is the ROI on a Canadian M.Ed for careers in management? And are there any high ROI M.Ed programs I should take a look at based on your research?,https://coursecompare.ca/best-online-master-of-education-programs-in-canada,LISTICLE,Best Online Master of Education Programs in Canada 2026 | CourseCompare.ca,4,3.75
What is the ROI on a Canadian M.Ed for careers in management? And are there any high ROI M.Ed programs I should take a look at based on your research?,https://coursecompare.ca/is-an-mba-worth-it,ARTICLE,Is an MBA Worth It? How to Calculate the Long-Term ROI of an MBA Degree | CourseCompare.ca,4,0
What is the ROI on a Canadian M.Ed for careers in management? And are there any high ROI M.Ed programs I should take a look at based on your research?,https://coursecompare.ca/roe-index,ARTICLE,Return on Education (ROE) Index | CourseCompare.ca,4,0
What is the ROI on a Canadian M.Ed for careers in management? And are there any high ROI M.Ed programs I should take a look at based on your research?,https://education.ok.ubc.ca/2025/03/20/master-of-education-career-pathways,LISTICLE,Master of Education: Career Pathways,3,0.333333333
What is the ROI on a Canadian M.Ed for careers in management? And are there any high ROI M.Ed programs I should take a look at based on your research?,https://research.com/advice/return-on-investment-roi-of-a-management-degree-program,ALTERNATIVE,2026 Return on Investment (ROI) of a Management Degree Program \| Research.com,3,0.666666667
What is the ROI on a Canadian M.Ed for careers in management? And are there any high ROI M.Ed programs I should take a look at based on your research?,https://edu.uwo.ca/graduate-education/mped/educational-leadership.html,PRODUCT_PAGE,MPEd | Field of Educational Leadership,3,0.666666667
What is the ROI on a Canadian M.Ed for careers in management? And are there any high ROI M.Ed programs I should take a look at based on your research?,https://erieri.com/salary/job/education-manager/canada/ontario,OTHER,"Education Manager Salary in Ontario, Canada (2026)",3,0
What is the ROI on a Canadian M.Ed for careers in management? And are there any high ROI M.Ed programs I should take a look at based on your research?,https://mastersportal.com/search/master/educational-leadership/canada,CATEGORY_PAGE,14 Master's degrees in Educational Leadership in Canada \| Mastersportal,3,0.666666667
What is the ROI on a Canadian M.Ed for careers in management? And are there any high ROI M.Ed programs I should take a look at based on your research?,https://reddit.com/r/CanadianTeachers/comments/18um241/master_of_education_programs,DISCUSSION,Master of Education Programs,3,0
What is the ROI on a Canadian M.Ed for careers in management? And are there any high ROI M.Ed programs I should take a look at based on your research?,https://reddit.com/r/CanadianTeachers/comments/1qf27is/is_a_med_worth_it_how_is_working_in_admin,DISCUSSION,[deleted by user],3,0
What is the ROI on a Canadian M.Ed for careers in management? And are there any high ROI M.Ed programs I should take a look at based on your research?,https://upgrad.com/ca/blog/online-master-of-education-in-canada-worth-it,COMPARISON,Is an Online Master of Education in Canada Worth It in 2026?,3,0
What is the ROI on a Canadian M.Ed for careers in management? And are there any high ROI M.Ed programs I should take a look at based on your research?,https://yorkvilleu.ca/programs/med-in-educational-leadership/leadership-in-learning,PRODUCT_PAGE,MEd Online Degree | Educational Leadership specializing in Leadership in Learning | Yorkville University,3,0.666666667
What is the ROI on a Canadian M.Ed for careers in management? And are there any high ROI M.Ed programs I should take a look at based on your research?,https://catalogue.uottawa.ca/en/graduate/master-education-concentration-educational-leadership-policy-evaluation-virtual,PRODUCT_PAGE,"Master of Education (Educational Leadership, Policy and Evaluation) (Online) < uOttawa",2,0.5
What is the ROI on a Canadian MBA for careers in management? And are there any high ROI MBA programs I should take a look at based on your research?,https://coursecompare.ca/is-an-mba-worth-it,ARTICLE,Is an MBA Worth It? How to Calculate the Long-Term ROI of an MBA Degree | CourseCompare.ca,14,1.214285714
What is the ROI on a Canadian MBA for careers in management? And are there any high ROI MBA programs I should take a look at based on your research?,https://blog.aplicar.io/canada-mba-roi-career-outcomes,COMPARISON,Decoding the ROI of Canada’s Top MBA Programs: What Rankings Don’t Tell You About Career Outcomes,10,0
What is the ROI on a Canadian MBA for careers in management? And are there any high ROI MBA programs I should take a look at based on your research?,https://leverageedu.com/learn/mba-roi-in-canada,ARTICLE,"MBA ROI in Canada: Cost, Salary, Jobs &amp; Payback Period - Leverage Edu Learn",10,1.8
What is the ROI on a Canadian MBA for careers in management? And are there any high ROI MBA programs I should take a look at based on your research?,https://studyabroad.careers360.com/articles/mba-programs-in-canada-with-highest-roi,LISTICLE,MBA Programs in Canada With Highest ROI 2025: Top Colleges,10,0
What is the ROI on a Canadian MBA for careers in management? And are there any high ROI MBA programs I should take a look at based on your research?,https://mapleleafschools.com/schools/best-mba-programs-canada,PROFILE,Maple Leaf Schools | World-Class Canadian Education,10,1.1
What is the ROI on a Canadian MBA for careers in management? And are there any high ROI MBA programs I should take a look at based on your research?,https://leapscholar.com/blog/mba-salary-in-canada-for-indian,LISTICLE,"MBA Salary in Canada: Take-Home Pay, and ROI in 2026",8,1.5
What is the ROI on a Canadian MBA for careers in management? And are there any high ROI MBA programs I should take a look at based on your research?,https://aib.edu.au/blog/canada/the-roi-of-an-mba-in-canada-is-an-mba-worth-it,ARTICLE,The ROI of an MBA in Canada: Is an MBA worth it?,8,0
What is the ROI on a Canadian MBA for careers in management? And are there any high ROI MBA programs I should take a look at based on your research?,https://gabble.ai/blog/mba-in-canada-cost-breakdown,OTHER,"MBA in Canada Cost Breakdown (2026) — Tuition, Living, ROI and Full Budget Guide",6,2
What is the ROI on a Canadian MBA for careers in management? And are there any high ROI MBA programs I should take a look at based on your research?,https://ibu.ca/blog/mba-costs-in-canada-tuition-scholarships-and-roi,PRODUCT_PAGE,"MBA Costs in Canada: Tuition, Scholarships, and ROI - IBU",6,0
What is the ROI on a Canadian MBA for careers in management? And are there any high ROI MBA programs I should take a look at based on your research?,https://think-mba.com/mba-in-canada-worth-it-top-universities-cost-2026-roi-and-eligibility,ARTICLE,"MBAs in Canada Worth it? Top Universities, Cost 2026, ROI and Eligibility",6,0
What is the ROI on a Canadian MBA for careers in management? And are there any high ROI MBA programs I should take a look at based on your research?,https://topmba.com/mba-rankings/full-time-mba-rankings-canada/top-10-mba-programs-canada,LISTICLE,Top 10 MBA programmes in Canada \| TopMBA,6,0.333333333
What is the ROI on a Canadian MBA for careers in management? And are there any high ROI MBA programs I should take a look at based on your research?,https://yorkvilleu.ca/blog/mba/benefits-of-an-mba-degree-and-roi,LISTICLE,Benefits of an MBA Degree: Your Guide to Career Transformation and ROI - Yorkville,6,0
What is the ROI on a Canadian MBA for careers in management? And are there any high ROI MBA programs I should take a look at based on your research?,https://ibu.ca/blog/what-canadian-students-need-to-know-to-study-for-an-mba-degree,OTHER,Study an MBA Degree for Confident Advancement,5,0
What is the ROI on a Canadian MBA for careers in management? And are there any high ROI MBA programs I should take a look at based on your research?,https://accessmba.com/schools/articles/view/smith-mba-leads-canada-in-career-services-and-roi-in-2025-ft-rankings,ARTICLE,Smith MBA Leads Canada in Career Services and ROI in 2025 FT Rankings,5,1.4
What is the ROI on a Canadian MBA for careers in management? And are there any high ROI MBA programs I should take a look at based on your research?,https://gmac.com/resources/learners/business-programs/student-experience-roi/mba-canada-worth-roi-examined,LISTICLE,Is An MBA From Canada Worth It? ROI Examined,5,1.4
What is the ROI on a Canadian MBA for careers in management? And are there any high ROI MBA programs I should take a look at based on your research?,https://linkedin.com/pulse/roi-mba-canada-tuition-costs-vs-salary-growth-lia-sanuco-mba-6u9dc,ARTICLE,The ROI of an MBA in Canada: Tuition Costs vs. Salary Growth,5,0
What is the ROI on a Canadian MBA for careers in management? And are there any high ROI MBA programs I should take a look at based on your research?,https://mbaandbeyond.com/blog/best-business-schools-in-canada-complete-guide-deadlines,LISTICLE,Best Business Schools in Canada: Complete Guide & Deadlines,5,1.4
What is the ROI on a Canadian MBA for careers in management? And are there any high ROI MBA programs I should take a look at based on your research?,https://admissionado.com/blog/mba/intro-to-canadian-mba-programs,LISTICLE,Why Pursue an MBA in Canada? : Admissionado,4,0
What is the ROI on a Canadian MBA for careers in management? And are there any high ROI MBA programs I should take a look at based on your research?,https://e-gmat.com/blogs/top-business-schools-for-mba-in-canada,OTHER,"Top 20 MBA colleges in Canada – Fees, Salary, and GMAT score",4,0.5
What is the ROI on a Canadian MBA for careers in management? And are there any high ROI MBA programs I should take a look at based on your research?,https://kansaz.in/blog/universities-in-canada-for-mba,LISTICLE,Top 9 Universities in Canada for MBA 2026 { +University Fees},4,0
What is the ROI on a Canadian MBA for careers in management? And are there any high ROI MBA programs I should take a look at based on your research?,https://yorkvilleu.ca/blog/mba/mba-for-salary-and-career-growth-in-canada,ARTICLE,Is an MBA the “Golden Ticket” for Your Salary and Career Growth in Canada?,4,0
What is the ROI on a Canadian MBA for careers in management? And are there any high ROI MBA programs I should take a look at based on your research?,https://bluehawksedu.com/how-much-does-an-mba-from-canada-earn,OTHER,MBA Salary in Canada 2026: What You Will Actually Earn,3,0
What is the ROI on a Canadian MBA for careers in management? And are there any high ROI MBA programs I should take a look at based on your research?,https://cudoo.com/blog/mba-colleges-in-canada-with-highest-roi,LISTICLE,MBA Colleges in Canada with Highest ROI,3,5
What is the ROI on a Canadian MBA for careers in management? And are there any high ROI MBA programs I should take a look at based on your research?,https://ibu.ca/blog/is-an-mba-worth-it,OTHER,Is an MBA worth it in Canada for ambitious leaders?,3,0
What is the ROI on a Canadian MBA for careers in management? And are there any high ROI MBA programs I should take a look at based on your research?,https://pxl-rotmanutorontoca.terminalfour.net/prod01/prod01/media/rotman/content-assets/documents/careers/FT-MBA-Employment-and-Salary-Report-2026.pdf,OTHER,null,3,0.666666667
What is the ROI on a Canadian MBA for careers in management? And are there any high ROI MBA programs I should take a look at based on your research?,https://schulich.yorku.ca/news/forbes-ranks-schulich-school-of-business-1-in-canada-and-among-the-leading-schools-globally-for-mba-return-on-investment,ARTICLE,Forbes Ranks Schulich #1 in Canada for MBA ROI - Schulich School of Business,3,0.666666667
What is the ROI on a Canadian MBA for careers in management? And are there any high ROI MBA programs I should take a look at based on your research?,https://accessmba.com/articles/view/which-are-the-best-paying-mba-jobs-in-canada,LISTICLE,Which Are the Best-Paying MBA Jobs in Canada?,3,0
What is the ROI on a Canadian MBA for careers in management? And are there any high ROI MBA programs I should take a look at based on your research?,https://coursecompare.ca/affordable-mba-in-canada,LISTICLE,Best Affordable MBA Programs in Canada of 2026 | CourseCompare.ca,3,0
What is the ROI on a Canadian MBA for careers in management? And are there any high ROI MBA programs I should take a look at based on your research?,https://mcgill.ca/desautels/programs/mba-programs/mba/career/employment-stats,PRODUCT_PAGE,McGill Full-Time MBA 2025 Employment Statistics,3,2.333333333
What is the ROI on a Canadian MBA for careers in management? And are there any high ROI MBA programs I should take a look at based on your research?,https://reddit.com/r/OntarioUniversities/comments/1os8fnv/best_university_in_canada_for_mba,DISCUSSION,Best University in Canada for MBA?,3,0
What is the difference between a masters of education in curriculum and pedagogy and a masters in educational leadership? Which one is better? And where can I earn one in Canada?,https://oise.utoronto.ca/lhae/masters-degrees/master-education-educational-leadership-policy,PRODUCT_PAGE,Master of Education in Educational Leadership &amp; Policy | Ontario Institute for Studies in Education,14,0.714285714
What is the difference between a masters of education in curriculum and pedagogy and a masters in educational leadership? Which one is better? And where can I earn one in Canada?,https://yorkvilleu.ca/programs/master-of-education-in-curriculum-and-pedagogy,PRODUCT_PAGE,Master of Education in Curriculum and Pedagogy | Yorkville University,14,0.642857143
What is the difference between a masters of education in curriculum and pedagogy and a masters in educational leadership? Which one is better? And where can I earn one in Canada?,https://oise.utoronto.ca/ctl/masters-degrees/master-education-curriculum-pedagogy,OTHER,Master of Education in Curriculum &amp; Pedagogy | Ontario Institute for Studies in Education,13,1.230769231
What is the difference between a masters of education in curriculum and pedagogy and a masters in educational leadership? Which one is better? And where can I earn one in Canada?,https://viu.ca/programs/education/master-education-educational-leadership,PRODUCT_PAGE,Master of Education in Educational Leadership | Vancouver Island University | Canada,12,1.083333333
What is the difference between a masters of education in curriculum and pedagogy and a masters in educational leadership? Which one is better? And where can I earn one in Canada?,https://teachereducation.steinhardt.nyu.edu/masters-in-teaching-vs-masters-in-education-whats-the-difference,COMPARISON,Master&#039;s in Teaching vs. Master&#039;s in Education: What&#039;s the Difference? | NYU Steinhardt Teacher Residency Program,10,0.1
What is the difference between a masters of education in curriculum and pedagogy and a masters in educational leadership? Which one is better? And where can I earn one in Canada?,https://edu.uwo.ca/graduate-education/mped/curriculum-pedagogy.html,PRODUCT_PAGE,Field of Curriculum and Pedagogy - Faculty of Education - Western University,10,0.6
What is the difference between a masters of education in curriculum and pedagogy and a masters in educational leadership? Which one is better? And where can I earn one in Canada?,https://educ.ubc.ca/master-of-education-curriculum-and-leadership-med-2,CATEGORY_PAGE,Master of Education (MEd) – Curriculum and Leadership,9,0
What is the difference between a masters of education in curriculum and pedagogy and a masters in educational leadership? Which one is better? And where can I earn one in Canada?,https://educ.ubc.ca/master-of-education-curriculum-and-leadership-med,CATEGORY_PAGE,Master of Education (MEd) - Curriculum &amp; Leadership – Faculty of Education,8,1.125
What is the difference between a masters of education in curriculum and pedagogy and a masters in educational leadership? Which one is better? And where can I earn one in Canada?,https://upei.ca/programs/master-education,PRODUCT_PAGE,Master of Education in Leadership in Learning | UPEI,8,0.375
What is the difference between a masters of education in curriculum and pedagogy and a masters in educational leadership? Which one is better? And where can I earn one in Canada?,https://yorkvilleu.ca/programs/med-in-educational-leadership,PRODUCT_PAGE,Master of Educational Leadership | MEd Online Degree | Yorkville University,8,0
What is the difference between a masters of education in curriculum and pedagogy and a masters in educational leadership? Which one is better? And where can I earn one in Canada?,https://edst.educ.ubc.ca/programs/med-programs,CATEGORY_PAGE,Master of Education (MEd) - Department of Educational Studies,7,0.285714286
What is the difference between a masters of education in curriculum and pedagogy and a masters in educational leadership? Which one is better? And where can I earn one in Canada?,https://educ.ubc.ca/master-of-education-educational-administration-leadership-med,CATEGORY_PAGE,Master of Education (MEd) – Educational Administration & Leadership,7,0.285714286
What is the difference between a masters of education in curriculum and pedagogy and a masters in educational leadership? Which one is better? And where can I earn one in Canada?,https://upgrad.com/ca/blog/m-ed-vs-ma-education-career-growth-canada,COMPARISON,Which Is Better: M.Ed. or MA in Education for Career Growth in Canada?,7,0.142857143
What is the difference between a masters of education in curriculum and pedagogy and a masters in educational leadership? Which one is better? And where can I earn one in Canada?,https://uvic.ca/education/curriculum/graduate/home/professional-degrees/index.php,PRODUCT_PAGE,Master of Education (MEd) - University of Victoria,7,0.571428571
What is the difference between a masters of education in curriculum and pedagogy and a masters in educational leadership? Which one is better? And where can I earn one in Canada?,https://gsep.pepperdine.edu/blog/posts/types-of-masters-in-education-programs.htm,LISTICLE,Types of Master's in Education Programs,6,0
What is the difference between a masters of education in curriculum and pedagogy and a masters in educational leadership? Which one is better? And where can I earn one in Canada?,https://semo.edu/blog/blog-posts/education-masters-degrees-types,LISTICLE,Types of Education Master’s Degrees,6,0
What is the difference between a masters of education in curriculum and pedagogy and a masters in educational leadership? Which one is better? And where can I earn one in Canada?,https://mcgill.ca/education/programs/masters/master-arts-programs/master-arts-educational-leadership,CATEGORY_PAGE,Master of Arts Educational Leadership,6,0.333333333
What is the difference between a masters of education in curriculum and pedagogy and a masters in educational leadership? Which one is better? And where can I earn one in Canada?,https://collegedunia.com/canada/education/master-universities,LISTICLE,"Top Master in Education Colleges &amp; Universities in Canada in 2026 - Fees, Rankings &amp; Eligibility",5,0
What is the difference between a masters of education in curriculum and pedagogy and a masters in educational leadership? Which one is better? And where can I earn one in Canada?,https://educations.com/masters-degrees/education/canada,CATEGORY_PAGE,"32 Skills, Education and Professional Development Masters Degree Programs in Canada - Study Abroad | educations.com",5,0
What is the difference between a masters of education in curriculum and pedagogy and a masters in educational leadership? Which one is better? And where can I earn one in Canada?,https://gradschools.com/masters/education-leadership-administration?countries=canada,CATEGORY_PAGE,Masters in Educational Leadership and Administration Programs in Canada 2026+,5,0.2
What is the difference between a masters of education in curriculum and pedagogy and a masters in educational leadership? Which one is better? And where can I earn one in Canada?,https://uregina.ca/academics/programs/education/masters-education-teaching-learning-leadership.html,PRODUCT_PAGE,"Teaching, Learning and Leadership | University of Regina",5,0.4
What is the difference between a masters of education in curriculum and pedagogy and a masters in educational leadership? Which one is better? And where can I earn one in Canada?,https://yorkvilleu.ca/programs/med-in-educational-leadership/educational-administration,PRODUCT_PAGE,MEd Online Degree | K-12 Educational Leadership | Yorkville University,5,0
What is the difference between a masters of education in curriculum and pedagogy and a masters in educational leadership? Which one is better? And where can I earn one in Canada?,https://educ.ubc.ca/programs/department-of-curriculum-and-pedagogy,CATEGORY_PAGE,Curriculum and Pedagogy – Faculty of Education,4,0
What is the difference between a masters of education in curriculum and pedagogy and a masters in educational leadership? Which one is better? And where can I earn one in Canada?,https://aph.gov.au/parliamentary_business/committees/house_of_representatives_committees?url=edt%2Feofb%2Freport%2Fchapter4.pdf,ARTICLE,House of Representatives Committees,4,0
What is the difference between a masters of education in curriculum and pedagogy and a masters in educational leadership? Which one is better? And where can I earn one in Canada?,https://grad.ubc.ca/prospective-students/graduate-degree-programs/master-of-education-educational-administration-leadership,CATEGORY_PAGE,Master of Education in Educational Administration and Leadership (MEd),4,0.5
What is the difference between a masters of education in curriculum and pedagogy and a masters in educational leadership? Which one is better? And where can I earn one in Canada?,https://grad.ubc.ca/prospective-students/graduate-degree-programs/master-of-education-educational-studies,PRODUCT_PAGE,Master of Education in Educational Studies (MEd) | Graduate School at The University of British Columbia (UBC),4,0
What is the difference between a masters of education in curriculum and pedagogy and a masters in educational leadership? Which one is better? And where can I earn one in Canada?,https://mcgill.ca/gradapplicants/program/educational-leadership-ma-non-thesis,PRODUCT_PAGE,Educational Leadership (M.A.) | Future Graduate Students - McGill University,4,1
What is the difference between a masters of education in curriculum and pedagogy and a masters in educational leadership? Which one is better? And where can I earn one in Canada?,https://sfu.ca/students/calendar/2025/spring/programs/educational-leadership/master-of-education.html,PRODUCT_PAGE,Educational Leadership (Master of Education) - Spring Calendar - Simon Fraser University,4,0
What is the difference between a masters of education in curriculum and pedagogy and a masters in educational leadership? Which one is better? And where can I earn one in Canada?,https://sfu.ca/students/calendar/2026/spring/programs/educational-leadership/master-of-education,PRODUCT_PAGE,Educational Leadership (Master of Education) - Spring Calendar,4,0.5
What is the difference between a masters of education in curriculum and pedagogy and a masters in educational leadership? Which one is better? And where can I earn one in Canada?,https://ualberta.ca/en/education/programs/graduate-programs/studies-in-educational-leadership.html,HOW_TO_GUIDE,Studies in Educational Leadership | Faculty of Education,4,1.25
What is the difference between an Executive MBA vs Online MBA in Canada? Can you provide a few examples of each?,https://coursecompare.ca/best-emba-executive-mba,LISTICLE,The Best Executive MBA (EMBA) Programs of 2026 | CourseCompare.ca,16,0.75
What is the difference between an Executive MBA vs Online MBA in Canada? Can you provide a few examples of each?,https://schulich.yorku.ca/programs/emba,PRODUCT_PAGE,Executive MBA - Kellogg-Schulich | Schulich School of Business,12,0.333333333
What is the difference between an Executive MBA vs Online MBA in Canada? Can you provide a few examples of each?,https://onlinessb.carleton.ca/business-degrees/mba/general,PRODUCT_PAGE,Online Master of Business Administration (MBA) at Carleton University,10,1.6
What is the difference between an Executive MBA vs Online MBA in Canada? Can you provide a few examples of each?,https://canadian-universities.net/MBA/Executive_MBA.html,CATEGORY_PAGE,Executive MBA Degree Programs in Canada,10,1.4
What is the difference between an Executive MBA vs Online MBA in Canada? Can you provide a few examples of each?,https://coursecompare.ca/best-online-mba-canada,LISTICLE,Best Online MBA Programs in Canada of 2026 | CourseCompare.ca,10,1.3
What is the difference between an Executive MBA vs Online MBA in Canada? Can you provide a few examples of each?,https://ufred.ca/knowledge-hub/mba-and-executive-mba-comparison,COMPARISON,MBA vs Executive MBA: What's the Difference?,9,0.333333333
What is the difference between an Executive MBA vs Online MBA in Canada? Can you provide a few examples of each?,https://yorkvilleu.ca/blog/mba/canadas-best-online-mbas,COMPARISON,Canada’s Top Online MBAs: Which Is the Best Choice in 2026? - Yorkville,7,0.428571429
What is the difference between an Executive MBA vs Online MBA in Canada? Can you provide a few examples of each?,https://blog.mitsde.com/online-executive-mba-vs-regular-mba-which-one-should-you-choose,COMPARISON,Online Executive MBA vs Regular MBA – Which to Choose?,6,0.333333333
What is the difference between an Executive MBA vs Online MBA in Canada? Can you provide a few examples of each?,https://universityonlinedegree.com/online-mba-vs-executive-mba,COMPARISON,Online MBA Vs Executive MBA: What's the Difference? - University Online Degree,6,1
What is the difference between an Executive MBA vs Online MBA in Canada? Can you provide a few examples of each?,https://athabascau.ca/programs/summary/master-of-business-administration.html,PRODUCT_PAGE,Master of Business Administration (MBA) | Online degree | Athabasca University,6,0.666666667
What is the difference between an Executive MBA vs Online MBA in Canada? Can you provide a few examples of each?,https://coursecompare.ca/mba-vs-emba-and-admission-requirements,COMPARISON,MBA vs. EMBA: What’s the Difference? Find the Right Path for Your Business Career | CourseCompare.ca,6,0.5
What is the difference between an Executive MBA vs Online MBA in Canada? Can you provide a few examples of each?,https://ivey.uwo.ca/emba/program/why-an-emba,PRODUCT_PAGE,Executive MBA vs MBA | Why do an EMBA? | Ivey Executive MBA Program,6,1.833333333
What is the difference between an Executive MBA vs Online MBA in Canada? Can you provide a few examples of each?,https://learningroutes.in/blog/online-mba-vs-executive-mba,COMPARISON,Online MBA vs Executive MBA: Which is Better for Working Professionals in 2026,6,0.166666667
What is the difference between an Executive MBA vs Online MBA in Canada? Can you provide a few examples of each?,https://rotman.utoronto.ca/programs/compare-rotman-programs/emba-programs,PRODUCT_PAGE,EMBA programs,6,0.666666667
What is the difference between an Executive MBA vs Online MBA in Canada? Can you provide a few examples of each?,https://macleans.ca/education/mba/how-to-choose-the-mba-that-fits-you-best,COMPARISON,How to choose the MBA that fits you best - Macleans.ca,5,0
What is the difference between an Executive MBA vs Online MBA in Canada? Can you provide a few examples of each?,https://smith.queensu.ca/mba_programs/emba_nat/index.php,PRODUCT_PAGE,Executive MBA | Smith School of Business,5,0.4
What is the difference between an Executive MBA vs Online MBA in Canada? Can you provide a few examples of each?,https://mapleleafschools.com/schools/best-online-mba-programs-canada,PROFILE,Maple Leaf Schools | World-Class Canadian Education,5,0.6
What is the difference between an Executive MBA vs Online MBA in Canada? Can you provide a few examples of each?,https://ibu.ca/blog/online-mba-vs-regular-mba-which-one-gets-you-hired-faster,COMPARISON,Online MBA vs Regular MBA: How to decide your next step,4,1.75
What is the difference between an Executive MBA vs Online MBA in Canada? Can you provide a few examples of each?,https://smith.queensu.ca/mba_programs,CATEGORY_PAGE,Our MBA Suite | Smith School of Business,4,0.75
What is the difference between an Executive MBA vs Online MBA in Canada? Can you provide a few examples of each?,https://ufred.ca/online-degrees/online-executive-mba,PRODUCT_PAGE,Online EMBA Canada | UFred,4,1
What is the difference between an Executive MBA vs Online MBA in Canada? Can you provide a few examples of each?,https://mcgill.ca/desautels/programs/mcgill-hec-montreal-emba,PRODUCT_PAGE,McGill-HEC Montreal Executive MBA (EMBA) | McGill Desautels Faculty of Management - McGill University,4,2.25
What is the difference between an Executive MBA vs Online MBA in Canada? Can you provide a few examples of each?,https://rotman.utoronto.ca/programs/mba-programs/executive-mba,PRODUCT_PAGE,Executive MBA | Rotman School | University of Toronto,4,0
What is the difference between an Executive MBA vs Online MBA in Canada? Can you provide a few examples of each?,https://rotman.utoronto.ca/programs/mba-programs/executive-mba/your-emba-experience,PRODUCT_PAGE,Your EMBA experience,4,0
What is the difference between an Executive MBA vs Online MBA in Canada? Can you provide a few examples of each?,https://upgrad.com/ca/blog/best-online-mba-programs-in-canada-for-working-professionals,LISTICLE,Best Online MBA Programs in Canada for Working Professionals,4,1.25
What is the difference between an Executive MBA vs Online MBA in Canada? Can you provide a few examples of each?,https://youtube.com/watch?v=IOCjqcxVcJs,COMPARISON,Executive MBA vs MBA | Is an EMBA Degree Right For YOU?,4,0
What is the difference between an Executive MBA vs Online MBA in Canada? Can you provide a few examples of each?,https://emba.mcmaster.ca/degroote-executive-mba,PRODUCT_PAGE,Executive MBA in Digital Transformation | McMaster DeGroote EMBA,3,1.666666667
What is the difference between an Executive MBA vs Online MBA in Canada? Can you provide a few examples of each?,https://smith.queensu.ca/mba_programs/gomba/landing.php,PRODUCT_PAGE,Smith School of Business | Queen's University,3,0.666666667
What is the difference between an Executive MBA vs Online MBA in Canada? Can you provide a few examples of each?,https://ivey.uwo.ca/emba,PRODUCT_PAGE,"Ivey Executive MBA | Toronto, Canada | Ivey EMBA Program",3,0
What is the difference between an Executive MBA vs Online MBA in Canada? Can you provide a few examples of each?,https://migrationvisportal.com/2025/12/best-mba-programs-online-canada-2026.html,LISTICLE,Best MBA Programs Online Canada 2026: Complete Guide,3,0
What is the difference between an Executive MBA vs Online MBA in Canada? Can you provide a few examples of each?,https://productleadership.com/blog/executive-mba-vs-online-mba,COMPARISON,Executive MBA vs Online MBA – Which One Should You Choose?,3,1.666666667
